,id,data_type,status,created_at,official,official_updated_at,external_ids,provider,feed_name,note,feed_contact_email,redirects,entity_types,feed_references,locations,source_info.producer_url,source_info.authentication_type,source_info.authentication_info_url,source_info.api_key_parameter_name,source_info.license_url
1,mdb-1581,gtfs_rt,active,2024-02-08T00:00:00Z,,,"[{'external_id': '1581', 'source': 'mdb'}]",Gunnison Valley Transportation Authority (RTA),,,,[],['vp'],['mdb-163'],"[{'country_code': 'US', 'country': 'United States', 'subdivision_name': 'Colorado', 'municipality': 'Gunnison County'}]",https://api.goswift.ly/real-time/gunnison/gtfs-rt-vehicle-positions,2,https://goswift.ly/realtime-api-key,authorization,https://www.goswift.ly/api-license
3,mdb-1753,gtfs_rt,active,2024-02-08T00:00:00Z,,,"[{'external_id': '1753', 'source': 'mdb'}]",Tri-Valley Transit,,,,[],['vp'],['mdb-852'],"[{'country_code': 'US', 'country': 'United States', 'subdivision_name': 'Vermont', 'municipality': None}]",https://api.goswift.ly/real-time/trivalleytransit/gtfs-rt-vehicle-positions,2,https://goswift.ly/realtime-api-key,authorization,https://www.goswift.ly/api-license
4,mdb-1333,gtfs_rt,active,2024-02-08T00:00:00Z,,,"[{'external_id': '1333', 'source': 'mdb'}]",Exo,Exo Trains,,,[],['vp'],['mdb-748'],"[{'country_code': 'CA', 'country': 'Canada', 'subdivision_name': 'Quebec', 'municipality': 'Saint-Basile-le-Grand'}, {'country_code': 'CA', 'country': 'Canada', 'subdivision_name': 'Quebec', 'municipality': 'McMasterville'}, {'country_code': 'CA', 'country': 'Canada', 'subdivision_name': 'Quebec', 'municipality': 'Mont-Saint-Hilaire'}, {'country_code': 'CA', 'country': 'Canada', 'subdivision_name': 'Quebec', 'municipality': 'Saint-Constant'}, {'country_code': 'CA', 'country': 'Canada', 'subdivision_name': 'Quebec', 'municipality': 'Delson'}, {'country_code': 'CA', 'country': 'Canada', 'subdivision_name': 'Quebec', 'municipality': 'Candiac'}, {'country_code': 'CA', 'country': 'Canada', 'subdivision_name': 'Quebec', 'municipality': 'Repentigny'}, {'country_code': 'CA', 'country': 'Canada', 'subdivision_name': 'Quebec', 'municipality': 'Terrebonne'}, {'country_code': 'CA', 'country': 'Canada', 'subdivision_name': 'Quebec', 'municipality': 'Mascouche'}, {'country_code': 'CA', 'country': 'Canada', 'subdivision_name': 'Quebec', 'municipality': 'Montreal'}, {'country_code': 'CA', 'country': 'Canada', 'subdivision_name': 'Quebec', 'municipality': 'Dorval'}, {'country_code': 'CA', 'country': 'Canada', 'subdivision_name': 'Quebec', 'municipality': 'Pointe-Claire'}, {'country_code': 'CA', 'country': 'Canada', 'subdivision_name': 'Quebec', 'municipality': 'Beaconsfield'}, {'country_code': 'CA', 'country': 'Canada', 'subdivision_name': 'Quebec', 'municipality': ""Baie-D'Urfé""}, {'country_code': 'CA', 'country': 'Canada', 'subdivision_name': 'Quebec', 'municipality': 'Sainte-Anne-de-Bellevue'}, {'country_code': 'CA', 'country': 'Canada', 'subdivision_name': 'Quebec', 'municipality': ""L'Île-Perrot""}, {'country_code': 'CA', 'country': 'Canada', 'subdivision_name': 'Quebec', 'municipality': 'Terrasse-Vaudreuil'}, {'country_code': 'CA', 'country': 'Canada', 'subdivision_name': 'Quebec', 'municipality': 'Vaudreuil-Dorion'}, {'country_code': 'CA', 'country': 'Canada', 'subdivision_name': 'Quebec', 'municipality': 'Hudson'}, {'country_code': 'CA', 'country': 'Canada', 'subdivision_name': 'Quebec', 'municipality': 'Laval'}, {'country_code': 'CA', 'country': 'Canada', 'subdivision_name': 'Quebec', 'municipality': 'Rosemère'}, {'country_code': 'CA', 'country': 'Canada', 'subdivision_name': 'Quebec', 'municipality': 'Sainte-Thérèse'}, {'country_code': 'CA', 'country': 'Canada', 'subdivision_name': 'Quebec', 'municipality': 'Blainville'}, {'country_code': 'CA', 'country': 'Canada', 'subdivision_name': 'Quebec', 'municipality': 'Mirabel'}, {'country_code': 'CA', 'country': 'Canada', 'subdivision_name': 'Quebec', 'municipality': 'Saint-Jérôme'}, {'country_code': 'CA', 'country': 'Canada', 'subdivision_name': 'Quebec', 'municipality': 'Longueuil'}, {'country_code': 'CA', 'country': 'Canada', 'subdivision_name': 'Quebec', 'municipality': 'Saint-Bruno-de-Montarville'}]",https://opendata.exo.quebec/ServiceGTFSR/VehiclePosition.pb,1,https://exo.quebec/fr/a-propos/donnees-ouvertes/FormulaireDemandeAcces,token,https://exo.quebec/fr/a-propos/donnees-ouvertes/FormulaireDemandeAcces
6,mdb-1465,gtfs_rt,active,2024-02-08T00:00:00Z,,,"[{'external_id': '1465', 'source': 'mdb'}]",GoDurham,,,,[],['vp'],['mdb-377'],"[{'country_code': 'US', 'country': 'United States', 'subdivision_name': 'North Carolina', 'municipality': None}]",https://api.goswift.ly/real-time/godurham/gtfs-rt-vehicle-positions,2,https://goswift.ly/realtime-api-key,authorization,https://www.goswift.ly/api-license
7,mdb-1728,gtfs_rt,active,2024-02-08T00:00:00Z,,,"[{'external_id': '1728', 'source': 'mdb'}]",Avalon Transit,,,,[],['vp'],['mdb-12'],"[{'country_code': 'US', 'country': 'United States', 'subdivision_name': 'California', 'municipality': 'Avalon'}]",https://api.goswift.ly/real-time/avalon/gtfs-rt-vehicle-positions,2,https://goswift.ly/realtime-api-key,authorization,https://www.goswift.ly/api-license
19,mdb-1454,gtfs_rt,active,2024-02-08T00:00:00Z,,,"[{'external_id': '1454', 'source': 'mdb'}]",City of Corvallis,,,,[],['vp'],['mdb-136'],"[{'country_code': 'US', 'country': 'United States', 'subdivision_name': 'Oregon', 'municipality': None}]",https://api.goswift.ly/real-time/ocwcog-corvallis/gtfs-rt-vehicle-positions,2,https://goswift.ly/realtime-api-key,authorization,https://www.goswift.ly/api-license
22,mdb-1470,gtfs_rt,active,2024-02-08T00:00:00Z,,,"[{'external_id': '1470', 'source': 'mdb'}]",ABQ RIDE,,,,[],['vp'],['mdb-166'],"[{'country_code': 'US', 'country': 'United States', 'subdivision_name': 'New Mexico', 'municipality': 'Bernalillo County'}]",https://api.goswift.ly/real-time/abq-ride/gtfs-rt-vehicle-positions,2,https://goswift.ly/realtime-api-key,authorization,https://www.goswift.ly/api-license
23,mdb-1442,gtfs_rt,active,2024-02-08T00:00:00Z,,,"[{'external_id': '1442', 'source': 'mdb'}]",Suburban Mobility Authority for Regional Transit (SMART),,,,[],['vp'],['mdb-414'],"[{'country_code': 'US', 'country': 'United States', 'subdivision_name': 'Michigan', 'municipality': None}]",https://api.goswift.ly/real-time/detroit-smartbus/gtfs-rt-vehicle-positions,2,https://goswift.ly/realtime-api-key,authorization,https://www.goswift.ly/api-license
25,mdb-1673,gtfs_rt,active,2024-02-08T00:00:00Z,,,"[{'external_id': '1673', 'source': 'mdb'}]",Capital Transit,,,,[],['vp'],['mdb-294'],"[{'country_code': 'US', 'country': 'United States', 'subdivision_name': 'Alaska', 'municipality': 'Juneau'}]",https://api.goswift.ly/real-time/juneau/gtfs-rt-vehicle-positions,2,https://goswift.ly/realtime-api-key,authorization,https://www.goswift.ly/api-license
29,mdb-1976,gtfs_rt,active,2024-02-08T00:00:00Z,,,"[{'external_id': '1976', 'source': 'mdb'}]",Tri Delta Transit,,,,[],['vp'],['mdb-1974'],"[{'country_code': 'US', 'country': 'United States', 'subdivision_name': 'California', 'municipality': 'Concord'}]",https://api.511.org/transit/vehiclepositions?agency=3D,1,https://511.org/open-data/token,api_key,https://511.org/sites/default/files/pdfs/511_Data_Agreement_Final.pdf
35,mdb-1725,gtfs_rt,active,2024-02-08T00:00:00Z,,,"[{'external_id': '1725', 'source': 'mdb'}]",DC Streetcar,,,,[],['vp'],['mdb-487'],"[{'country_code': 'US', 'country': 'United States', 'subdivision_name': 'District of Columbia', 'municipality': 'Washington'}]",https://api.goswift.ly/real-time/dc-streetcar/gtfs-rt-vehicle-positions,2,https://goswift.ly/realtime-api-key,authorization,https://www.goswift.ly/api-license
38,mdb-1571,gtfs_rt,active,2024-02-08T00:00:00Z,,,"[{'external_id': '1571', 'source': 'mdb'}]",Qline Detroit,,,,[],['vp'],['mdb-802'],"[{'country_code': 'US', 'country': 'United States', 'subdivision_name': 'Michigan', 'municipality': 'Detroit'}]",https://api.goswift.ly/real-time/detroit-m1-rail/gtfs-rt-vehicle-positions,2,https://goswift.ly/realtime-api-key,authorization,https://www.goswift.ly/api-license
39,mdb-1737,gtfs_rt,active,2024-02-08T00:00:00Z,,,"[{'external_id': '1737', 'source': 'mdb'}]",Charleston Area Regional Transportation Authority,,,,[],['vp'],['mdb-352'],"[{'country_code': 'US', 'country': 'United States', 'subdivision_name': 'South Carolina', 'municipality': 'Charleston County'}, {'country_code': 'US', 'country': 'United States', 'subdivision_name': 'South Carolina', 'municipality': 'Berkeley County'}, {'country_code': 'US', 'country': 'United States', 'subdivision_name': 'South Carolina', 'municipality': 'Dorchester County'}, {'country_code': 'US', 'country': 'United States', 'subdivision_name': 'South Carolina', 'municipality': 'Williamsburg County'}, {'country_code': 'US', 'country': 'United States', 'subdivision_name': 'South Carolina', 'municipality': 'Orangeburg County'}]",https://api.goswift.ly/real-time/bcdcog/gtfs-rt-vehicle-positions,2,https://goswift.ly/realtime-api-key,authorization,https://www.goswift.ly/api-license
40,mdb-1746,gtfs_rt,active,2024-02-08T00:00:00Z,,,"[{'external_id': '1746', 'source': 'mdb'}]",Washington Park Shuttle,,,,[],['vp'],['mdb-254'],"[{'country_code': 'US', 'country': 'United States', 'subdivision_name': 'Oregon', 'municipality': 'Portland'}]",https://api.goswift.ly/real-time/washington-park/gtfs-rt-vehicle-positions,2,https://goswift.ly/realtime-api-key,authorization,https://www.goswift.ly/api-license
43,mdb-1717,gtfs_rt,active,2024-02-08T00:00:00Z,,,"[{'external_id': '1717', 'source': 'mdb'}]",Turlock Transit,,,,[],['vp'],['mdb-619'],"[{'country_code': 'US', 'country': 'United States', 'subdivision_name': 'California', 'municipality': 'Stanislaus County'}]",https://api.goswift.ly/real-time/turlock/gtfs-rt-vehicle-positions,2,https://goswift.ly/realtime-api-key,authorization,https://www.goswift.ly/api-license
45,mdb-1371,gtfs_rt,active,2024-02-08T00:00:00Z,,,"[{'external_id': '1371', 'source': 'mdb'}]",Exo Le Richelain,,,,[],['vp'],['mdb-746'],"[{'country_code': 'CA', 'country': 'Canada', 'subdivision_name': 'Quebec', 'municipality': None}]",https://opendata.exo.quebec/ServiceGTFSR/VehiclePosition.pb?agency=CITLR,1,https://exo.quebec/fr/a-propos/donnees-ouvertes/FormulaireDemandeAcces,token,https://exo.quebec/fr/a-propos/donnees-ouvertes/FormulaireDemandeAcces
46,mdb-1518,gtfs_rt,active,2024-02-08T00:00:00Z,,,"[{'external_id': '1518', 'source': 'mdb'}]",TheBus,,,,[],['vp'],['mdb-10'],"[{'country_code': 'US', 'country': 'United States', 'subdivision_name': 'Hawaii', 'municipality': None}]",https://api.goswift.ly/real-time/thebus/gtfs-rt-vehicle-positions,2,https://goswift.ly/realtime-api-key,authorization,https://www.goswift.ly/api-license
49,mdb-1705,gtfs_rt,active,2024-02-08T00:00:00Z,,,"[{'external_id': '1705', 'source': 'mdb'}]",TransLink Vancouver,,,,[],['vp'],['mdb-696'],"[{'country_code': 'CA', 'country': 'Canada', 'subdivision_name': 'British Columbia', 'municipality': None}]",https://gtfs.translink.ca/v2/gtfsposition,1,https://www.translink.ca/about-us/doing-business-with-translink/app-developer-resources/register,apikey,https://developer.translink.ca/Home/TermsOfUse
50,mdb-1510,gtfs_rt,active,2024-02-08T00:00:00Z,,,"[{'external_id': '1510', 'source': 'mdb'}]",The Current,,,,[],['vp'],['mdb-428'],"[{'country_code': 'US', 'country': 'United States', 'subdivision_name': 'Vermont', 'municipality': None}]",https://api.goswift.ly/real-time/thecurrent/gtfs-rt-vehicle-positions,2,https://goswift.ly/realtime-api-key,authorization,https://www.goswift.ly/api-license
53,mdb-1668,gtfs_rt,active,2024-02-08T00:00:00Z,,,"[{'external_id': '1668', 'source': 'mdb'}]",Regional Transportation Commission of Southern Nevada (RTC),,,,[],['vp'],['mdb-110'],"[{'country_code': 'US', 'country': 'United States', 'subdivision_name': 'Nevada', 'municipality': None}]",https://api.goswift.ly/real-time/las-vegas-rtc/gtfs-rt-vehicle-positions,2,https://goswift.ly/realtime-api-key,authorization,https://www.goswift.ly/api-license
56,mdb-1904,gtfs_rt,deprecated,2024-02-08T00:00:00Z,,,"[{'external_id': '1904', 'source': 'mdb'}]",Pražská integrovaná doprava,,,,"[{'target_id': 'mdb-2391', 'comment': ''}]",['vp'],['mdb-767'],"[{'country_code': 'CZ', 'country': 'Czechia', 'subdivision_name': None, 'municipality': None}]",https://api.golemio.cz/v2/vehiclepositions/gtfsrt/vehicle_positions.pb,1,https://api.golemio.cz/api-keys,X-Access-Token,https://pid.cz/o-systemu/opendata/
65,mdb-1353,gtfs_rt,active,2024-02-08T00:00:00Z,,,"[{'external_id': '1353', 'source': 'mdb'}]",Exo La Presqu'île,,,,[],['vp'],['mdb-743'],"[{'country_code': 'CA', 'country': 'Canada', 'subdivision_name': 'Quebec', 'municipality': 'Vaudreuil-Dorion'}, {'country_code': 'CA', 'country': 'Canada', 'subdivision_name': 'Quebec', 'municipality': 'Pincourt'}, {'country_code': 'CA', 'country': 'Canada', 'subdivision_name': 'Quebec', 'municipality': 'Terrasse-Vaudreuil'}, {'country_code': 'CA', 'country': 'Canada', 'subdivision_name': 'Quebec', 'municipality': 'Hudson'}, {'country_code': 'CA', 'country': 'Canada', 'subdivision_name': 'Quebec', 'municipality': ""L'Île-Perrot""}, {'country_code': 'CA', 'country': 'Canada', 'subdivision_name': 'Quebec', 'municipality': ""Notre-Dame-de-l'Île-Perrot""}, {'country_code': 'CA', 'country': 'Canada', 'subdivision_name': 'Quebec', 'municipality': 'Pointe-Claire'}, {'country_code': 'CA', 'country': 'Canada', 'subdivision_name': 'Quebec', 'municipality': 'Rigaud'}, {'country_code': 'CA', 'country': 'Canada', 'subdivision_name': 'Quebec', 'municipality': 'Sainte-Anne-de-Bellevue'}, {'country_code': 'CA', 'country': 'Canada', 'subdivision_name': 'Quebec', 'municipality': 'Montreal'}, {'country_code': 'CA', 'country': 'Canada', 'subdivision_name': 'Quebec', 'municipality': 'Saint-Lazare'}, {'country_code': 'CA', 'country': 'Canada', 'subdivision_name': 'Quebec', 'municipality': 'Dollard-Des-Ormeaux'}]",https://opendata.exo.quebec/ServiceGTFSR/VehiclePosition.pb?agency=CITPI,1,https://exo.quebec/fr/a-propos/donnees-ouvertes/FormulaireDemandeAcces,token,https://exo.quebec/fr/a-propos/donnees-ouvertes/FormulaireDemandeAcces
68,mdb-1764,gtfs_rt,active,2024-02-08T00:00:00Z,,,"[{'external_id': '1764', 'source': 'mdb'}]",Asheville Rides Transit,,,,[],['vp'],['mdb-903'],"[{'country_code': 'US', 'country': 'United States', 'subdivision_name': 'North Carolina', 'municipality': 'Buncombe County'}, {'country_code': 'US', 'country': 'United States', 'subdivision_name': 'North Carolina', 'municipality': 'Henderson County'}]",https://api.goswift.ly/real-time/art-asheville/gtfs-rt-vehicle-positions,2,https://goswift.ly/realtime-api-key,authorization,https://www.goswift.ly/api-license
70,mdb-1853,gtfs_rt,active,2024-02-08T00:00:00Z,,,"[{'external_id': '1853', 'source': 'mdb'}]",Washington Metropolitan Area Transit Authority (WMATA),,rail,,[],['vp'],['mdb-1847'],"[{'country_code': 'US', 'country': 'United States', 'subdivision_name': 'Virginia', 'municipality': 'Fairfax County'}, {'country_code': 'US', 'country': 'United States', 'subdivision_name': 'Virginia', 'municipality': 'Arlington County'}, {'country_code': 'US', 'country': 'United States', 'subdivision_name': 'Maryland', 'municipality': ""Prince George's County""}, {'country_code': 'US', 'country': 'United States', 'subdivision_name': 'District of Columbia', 'municipality': 'Washington'}, {'country_code': 'US', 'country': 'United States', 'subdivision_name': 'Virginia', 'municipality': 'Alexandria'}, {'country_code': 'US', 'country': 'United States', 'subdivision_name': 'Maryland', 'municipality': 'Montgomery County'}, {'country_code': 'US', 'country': 'United States', 'subdivision_name': 'Virginia', 'municipality': 'Loudoun County'}]",https://api.wmata.com/gtfs/rail-gtfsrt-vehiclepositions.pb,1,https://developer.wmata.com/signup/,api_key,https://developer.wmata.com/license
71,mdb-1359,gtfs_rt,active,2024-02-08T00:00:00Z,,,"[{'external_id': '1359', 'source': 'mdb'}]",Exo Sorel-Varennes,,,,[],['vp'],['mdb-741'],"[{'country_code': 'CA', 'country': 'Canada', 'subdivision_name': 'Quebec', 'municipality': 'Longueuil'}, {'country_code': 'CA', 'country': 'Canada', 'subdivision_name': 'Quebec', 'municipality': 'Varennes'}, {'country_code': 'CA', 'country': 'Canada', 'subdivision_name': 'Quebec', 'municipality': 'Boucherville'}, {'country_code': 'CA', 'country': 'Canada', 'subdivision_name': 'Quebec', 'municipality': 'Montreal'}, {'country_code': 'CA', 'country': 'Canada', 'subdivision_name': 'Quebec', 'municipality': 'Contrecœur'}, {'country_code': 'CA', 'country': 'Canada', 'subdivision_name': 'Quebec', 'municipality': 'Saint-Amable'}, {'country_code': 'CA', 'country': 'Canada', 'subdivision_name': 'Quebec', 'municipality': 'Verchères'}, {'country_code': 'CA', 'country': 'Canada', 'subdivision_name': 'Quebec', 'municipality': 'Sorel-Tracy'}, {'country_code': 'CA', 'country': 'Canada', 'subdivision_name': 'Quebec', 'municipality': 'Sainte-Julie'}]",https://opendata.exo.quebec/ServiceGTFSR/VehiclePosition.pb?agency=CITSV,1,https://exo.quebec/fr/a-propos/donnees-ouvertes/FormulaireDemandeAcces,token,https://exo.quebec/fr/a-propos/donnees-ouvertes/FormulaireDemandeAcces
80,mdb-1748,gtfs_rt,active,2024-02-08T00:00:00Z,,,"[{'external_id': '1748', 'source': 'mdb'}]",Williamsburg Area Transit Authority (WATA),,,,[],['vp'],['mdb-474'],"[{'country_code': 'US', 'country': 'United States', 'subdivision_name': 'Virginia', 'municipality': 'James City County'}, {'country_code': 'US', 'country': 'United States', 'subdivision_name': 'Virginia', 'municipality': 'York County'}, {'country_code': 'US', 'country': 'United States', 'subdivision_name': 'Virginia', 'municipality': 'Williamsburg'}, {'country_code': 'US', 'country': 'United States', 'subdivision_name': 'Virginia', 'municipality': 'Newport News'}]",https://api.goswift.ly/real-time/wata/gtfs-rt-vehicle-positions,2,https://goswift.ly/realtime-api-key,authorization,https://www.goswift.ly/api-license
89,mdb-1732,gtfs_rt,deprecated,2024-02-08T00:00:00Z,,,"[{'external_id': '1732', 'source': 'mdb'}]",Via Mobility,,,,"[{'target_id': 'mdb-2398', 'comment': ''}]",['vp'],['mdb-180'],"[{'country_code': 'US', 'country': 'United States', 'subdivision_name': 'Colorado', 'municipality': 'Boulder County'}, {'country_code': 'US', 'country': 'United States', 'subdivision_name': 'Colorado', 'municipality': 'Adams County'}, {'country_code': 'US', 'country': 'United States', 'subdivision_name': 'Colorado', 'municipality': 'Larimer County'}, {'country_code': 'US', 'country': 'United States', 'subdivision_name': 'Colorado', 'municipality': 'Arapahoe County'}, {'country_code': 'US', 'country': 'United States', 'subdivision_name': 'Colorado', 'municipality': 'Weld County'}, {'country_code': 'US', 'country': 'United States', 'subdivision_name': 'Colorado', 'municipality': 'Denver County'}, {'country_code': 'US', 'country': 'United States', 'subdivision_name': 'Colorado', 'municipality': 'Gilpin County'}]",https://api.goswift.ly/real-time/via/gtfs-rt-vehicle-positions,2,https://goswift.ly/realtime-api-key,authorization,https://www.goswift.ly/api-license
90,mdb-1743,gtfs_rt,active,2024-02-08T00:00:00Z,,,"[{'external_id': '1743', 'source': 'mdb'}]",Santa Clara Valley Transportation Authority (VTA),,,,[],['vp'],['mdb-57'],"[{'country_code': 'US', 'country': 'United States', 'subdivision_name': 'California', 'municipality': 'Santa Clara County'}]",https://api.goswift.ly/real-time/vta/gtfs-rt-vehicle-positions/,2,https://goswift.ly/realtime-api-key,authorization,https://www.goswift.ly/api-license
91,mdb-1569,gtfs_rt,active,2024-02-08T00:00:00Z,,,"[{'external_id': '1569', 'source': 'mdb'}]",Southeastern Pennsylvania Transportation Authority (SEPTA),SEPTA Bus,,,[],['vp'],['mdb-502'],"[{'country_code': 'US', 'country': 'United States', 'subdivision_name': 'Pennsylvania', 'municipality': 'Philadelphia County'}, {'country_code': 'US', 'country': 'United States', 'subdivision_name': 'Pennsylvania', 'municipality': 'Montgomery County'}, {'country_code': 'US', 'country': 'United States', 'subdivision_name': 'Pennsylvania', 'municipality': 'Delaware County'}, {'country_code': 'US', 'country': 'United States', 'subdivision_name': 'Pennsylvania', 'municipality': 'Bucks County'}, {'country_code': 'US', 'country': 'United States', 'subdivision_name': 'Pennsylvania', 'municipality': 'Chester County'}, {'country_code': 'US', 'country': 'United States', 'subdivision_name': 'New Jersey', 'municipality': 'Mercer County'}, {'country_code': 'US', 'country': 'United States', 'subdivision_name': 'Delaware', 'municipality': 'New Castle County'}]",https://api.goswift.ly/real-time/septa/gtfs-rt-vehicle-positions,2,https://goswift.ly/realtime-api-key,authorization,https://www.goswift.ly/api-license
93,mdb-1657,gtfs_rt,active,2024-02-08T00:00:00Z,,,"[{'external_id': '1657', 'source': 'mdb'}]",Regional Transportation Agency of Central Maryland (RTA),,,,[],['vp'],['mdb-489'],"[{'country_code': 'US', 'country': 'United States', 'subdivision_name': 'Maryland', 'municipality': 'Howard County'}, {'country_code': 'US', 'country': 'United States', 'subdivision_name': 'Maryland', 'municipality': ""Prince George's County""}, {'country_code': 'US', 'country': 'United States', 'subdivision_name': 'Maryland', 'municipality': 'Anne Arundel County'}, {'country_code': 'US', 'country': 'United States', 'subdivision_name': 'Maryland', 'municipality': 'Baltimore County'}, {'country_code': 'US', 'country': 'United States', 'subdivision_name': 'Maryland', 'municipality': ""Queen Anne's County""}]",https://api.goswift.ly/real-time/rtamaryland/gtfs-rt-vehicle-positions,2,https://goswift.ly/realtime-api-key,authorization,https://www.goswift.ly/api-license
96,mdb-1399,gtfs_rt,active,2024-02-08T00:00:00Z,,,"[{'external_id': '1399', 'source': 'mdb'}]",Alameda-Contra Costa Transit District (AC Transit),,,,[],['vp'],['mdb-1244'],"[{'country_code': 'US', 'country': 'United States', 'subdivision_name': 'California', 'municipality': 'Alameda County'}, {'country_code': 'US', 'country': 'United States', 'subdivision_name': 'California', 'municipality': 'Contra Costa County'}, {'country_code': 'US', 'country': 'United States of America', 'subdivision_name': 'California', 'municipality': 'San Francisco'}, {'country_code': 'US', 'country': 'United States', 'subdivision_name': 'California', 'municipality': 'Santa Clara County'}]",http://api.actransit.org/transit/gtfsrt/vehicles,1,https://api.actransit.org/transit/Account/Register,token,http://www.actransit.org/data-terms-and-conditions/
99,mdb-1341,gtfs_rt,active,2024-02-08T00:00:00Z,,,"[{'external_id': '1341', 'source': 'mdb'}]",Exo L'Assomption,,,,[],['vp'],['mdb-755'],"[{'country_code': 'CA', 'country': 'Canada', 'subdivision_name': 'Quebec', 'municipality': 'Terrebonne'}, {'country_code': 'CA', 'country': 'Canada', 'subdivision_name': 'Quebec', 'municipality': 'Montreal'}, {'country_code': 'CA', 'country': 'Canada', 'subdivision_name': 'Quebec', 'municipality': 'Repentigny'}, {'country_code': 'CA', 'country': 'Canada', 'subdivision_name': 'Quebec', 'municipality': ""L'Assomption""}, {'country_code': 'CA', 'country': 'Canada', 'subdivision_name': 'Quebec', 'municipality': 'Lavaltrie'}, {'country_code': 'CA', 'country': 'Canada', 'subdivision_name': 'Quebec', 'municipality': ""L'Épiphanie""}, {'country_code': 'CA', 'country': 'Canada', 'subdivision_name': 'Quebec', 'municipality': 'Charlemagne'}, {'country_code': 'CA', 'country': 'Canada', 'subdivision_name': 'Quebec', 'municipality': 'Saint-Sulpice'}, {'country_code': 'CA', 'country': 'Canada', 'subdivision_name': 'Quebec', 'municipality': 'Montréal-Est'}]",https://opendata.exo.quebec/ServiceGTFSR/VehiclePosition.pb?agency=MRCLASSO,1,https://exo.quebec/fr/a-propos/donnees-ouvertes/FormulaireDemandeAcces,token,https://exo.quebec/fr/a-propos/donnees-ouvertes/FormulaireDemandeAcces
102,mdb-1843,gtfs_rt,active,2024-02-08T00:00:00Z,,,"[{'external_id': '1843', 'source': 'mdb'}]",San Francisco Municipal Transportation Agency (SFMTA),,,,[],['vp'],['mdb-50'],"[{'country_code': 'US', 'country': 'United States of America', 'subdivision_name': 'California', 'municipality': 'San Francisco'}, {'country_code': 'US', 'country': 'United States', 'subdivision_name': 'California', 'municipality': 'San Mateo County'}]",http://api.511.org/transit/vehiclepositions?agency=SF,1,https://511.org/open-data/token,api_key,https://511.org/sites/default/files/pdfs/511_Data_Agreement_Final.pdf
108,mdb-1671,gtfs_rt,active,2024-02-08T00:00:00Z,,,"[{'external_id': '1671', 'source': 'mdb'}]",Nevada County Connects (Gold Country Stage),,,,[],['vp'],['mdb-84'],"[{'country_code': 'US', 'country': 'United States', 'subdivision_name': 'California', 'municipality': 'Nevada County'}, {'country_code': 'US', 'country': 'United States', 'subdivision_name': 'California', 'municipality': 'Placer County'}]",https://api.goswift.ly/real-time/gold-country-stage/gtfs-rt-vehicle-positions,2,https://goswift.ly/realtime-api-key,authorization,https://www.goswift.ly/api-license
111,mdb-1594,gtfs_rt,active,2024-02-08T00:00:00Z,,,"[{'external_id': '1594', 'source': 'mdb'}]","Linja-Karjala Oy, Savo-Karjalan Linja Oy",Joensuu,,,[],['vp'],['mdb-1227'],"[{'country_code': 'FI', 'country': 'Finland', 'subdivision_name': 'North Karelia', 'municipality': 'Liperi'}, {'country_code': 'FI', 'country': 'Finland', 'subdivision_name': 'North Karelia', 'municipality': 'Tohmajärvi'}, {'country_code': 'FI', 'country': 'Finland', 'subdivision_name': 'North Karelia', 'municipality': 'Joensuu'}, {'country_code': 'FI', 'country': 'Finland', 'subdivision_name': 'North Karelia', 'municipality': 'Kontiolahti'}, {'country_code': 'FI', 'country': 'Finland', 'subdivision_name': 'North Karelia', 'municipality': 'Lieksa'}, {'country_code': 'FI', 'country': 'Finland', 'subdivision_name': 'North Karelia', 'municipality': 'Kitee'}]",https://data.waltti.fi/joensuu/api/gtfsrealtime/v1.0/feed/vehicleposition,2,https://opendata.waltti.fi/getting-started,,
120,mdb-1588,gtfs_rt,active,2024-02-08T00:00:00Z,,,"[{'external_id': '1588', 'source': 'mdb'}]",Tampereen joukkoliikenne (JOLI),Tampere,,,[],['vp'],['mdb-866'],"[{'country_code': 'FI', 'country': 'Finland', 'subdivision_name': 'Pirkanmaa', 'municipality': 'Tampere'}, {'country_code': 'FI', 'country': 'Finland', 'subdivision_name': 'Pirkanmaa', 'municipality': 'Ylöjärvi'}, {'country_code': 'FI', 'country': 'Finland', 'subdivision_name': 'Pirkanmaa', 'municipality': 'Pirkkala'}, {'country_code': 'FI', 'country': 'Finland', 'subdivision_name': 'Pirkanmaa', 'municipality': 'Kangasala'}, {'country_code': 'FI', 'country': 'Finland', 'subdivision_name': 'Pirkanmaa', 'municipality': 'Hämeenkyrö'}, {'country_code': 'FI', 'country': 'Finland', 'subdivision_name': 'Pirkanmaa', 'municipality': 'Lempäälä'}, {'country_code': 'FI', 'country': 'Finland', 'subdivision_name': 'Pirkanmaa', 'municipality': 'Vesilahti'}, {'country_code': 'FI', 'country': 'Finland', 'subdivision_name': 'Pirkanmaa', 'municipality': 'Orivesi'}, {'country_code': 'FI', 'country': 'Finland', 'subdivision_name': 'Pirkanmaa', 'municipality': 'Nokia'}, {'country_code': 'FI', 'country': 'Finland', 'subdivision_name': 'Pirkanmaa', 'municipality': 'Valkeakoski'}, {'country_code': 'FI', 'country': 'Finland', 'subdivision_name': 'Pirkanmaa', 'municipality': 'Kuhmoinen'}]",https://data.waltti.fi/tampere/api/gtfsrealtime/v1.0/feed/vehicleposition,2,https://opendata.waltti.fi/getting-started,,
122,mdb-1545,gtfs_rt,active,2024-02-08T00:00:00Z,,,"[{'external_id': '1545', 'source': 'mdb'}]",Pierce Transit,,,,[],['vp'],['mdb-265'],"[{'country_code': 'US', 'country': 'United States', 'subdivision_name': 'Washington', 'municipality': 'Pierce County'}, {'country_code': 'US', 'country': 'United States', 'subdivision_name': 'Washington', 'municipality': 'King County'}]",https://api.pugetsound.onebusaway.org/api/gtfs_realtime/vehicle-positions-for-agency/3.pb,1,https://www.soundtransit.org/help-contacts/business-information/open-transit-data-otd/otd-downloads,key,https://www.soundtransit.org/help-contacts/business-information/open-transit-data-otd/transit-data-terms-use
125,mdb-1338,gtfs_rt,active,2024-02-08T00:00:00Z,,,"[{'external_id': '1338', 'source': 'mdb'}]",Exo Laurentides,,,,[],['vp'],['mdb-744'],"[{'country_code': 'CA', 'country': 'Canada', 'subdivision_name': 'Quebec', 'municipality': 'Montreal'}, {'country_code': 'CA', 'country': 'Canada', 'subdivision_name': 'Quebec', 'municipality': 'St-Eustache'}, {'country_code': 'CA', 'country': 'Canada', 'subdivision_name': 'Quebec', 'municipality': 'Deux-Montagnes'}, {'country_code': 'CA', 'country': 'Canada', 'subdivision_name': 'Quebec', 'municipality': 'Laval'}, {'country_code': 'CA', 'country': 'Canada', 'subdivision_name': 'Quebec', 'municipality': 'Pointe-Calumet'}, {'country_code': 'CA', 'country': 'Canada', 'subdivision_name': 'Quebec', 'municipality': 'Sainte-Marthe-sur-le-Lac'}, {'country_code': 'CA', 'country': 'Canada', 'subdivision_name': 'Quebec', 'municipality': 'Bois-des-Filion'}, {'country_code': 'CA', 'country': 'Canada', 'subdivision_name': 'Quebec', 'municipality': 'Saint-Joseph-du-Lac'}, {'country_code': 'CA', 'country': 'Canada', 'subdivision_name': 'Quebec', 'municipality': 'Rosemère'}, {'country_code': 'CA', 'country': 'Canada', 'subdivision_name': 'Quebec', 'municipality': 'Saint-Jérôme'}, {'country_code': 'CA', 'country': 'Canada', 'subdivision_name': 'Quebec', 'municipality': 'Blainville'}, {'country_code': 'CA', 'country': 'Canada', 'subdivision_name': 'Quebec', 'municipality': 'Boisbriand'}, {'country_code': 'CA', 'country': 'Canada', 'subdivision_name': 'Quebec', 'municipality': 'Lorraine'}, {'country_code': 'CA', 'country': 'Canada', 'subdivision_name': 'Quebec', 'municipality': 'Sainte-Thérèse'}, {'country_code': 'CA', 'country': 'Canada', 'subdivision_name': 'Quebec', 'municipality': 'Terrebonne'}, {'country_code': 'CA', 'country': 'Canada', 'subdivision_name': 'Quebec', 'municipality': 'Sainte-Anne-des-Plaines'}, {'country_code': 'CA', 'country': 'Canada', 'subdivision_name': 'Quebec', 'municipality': 'Mirabel'}, {'country_code': 'CA', 'country': 'Canada', 'subdivision_name': 'Quebec', 'municipality': 'Saint-Placide'}, {'country_code': 'CA', 'country': 'Canada', 'subdivision_name': 'Quebec', 'municipality': 'Oka'}, {'country_code': 'CA', 'country': 'Canada', 'subdivision_name': 'Quebec', 'municipality': 'Quebec'}]",https://opendata.exo.quebec/ServiceGTFSR/VehiclePosition.pb?agency=CITLA,1,https://exo.quebec/fr/a-propos/donnees-ouvertes/FormulaireDemandeAcces,token,https://exo.quebec/fr/a-propos/donnees-ouvertes/FormulaireDemandeAcces
130,mdb-1650,gtfs_rt,active,2024-02-08T00:00:00Z,,,"[{'external_id': '1650', 'source': 'mdb'}]",Advance Transit (AT),,,,[],['vp'],['mdb-451'],"[{'country_code': 'US', 'country': 'United States', 'subdivision_name': 'Vermont', 'municipality': 'Windsor County'}, {'country_code': 'US', 'country': 'United States', 'subdivision_name': 'New Hampshire', 'municipality': 'Grafton County'}]",https://api.goswift.ly/real-time/advance-transit/gtfs-rt-vehicle-positions,2,https://goswift.ly/realtime-api-key,authorization,https://www.goswift.ly/api-license
133,mdb-1478,gtfs_rt,active,2024-02-08T00:00:00Z,,,"[{'external_id': '1478', 'source': 'mdb'}]",Tillamook County Transportation District,,,,[],['vp'],['mdb-246'],"[{'country_code': 'US', 'country': 'United States', 'subdivision_name': 'Oregon', 'municipality': 'Tillamook County'}, {'country_code': 'US', 'country': 'United States', 'subdivision_name': 'Oregon', 'municipality': 'Lincoln County'}, {'country_code': 'US', 'country': 'United States', 'subdivision_name': 'Oregon', 'municipality': 'Polk County'}, {'country_code': 'US', 'country': 'United States', 'subdivision_name': 'Oregon', 'municipality': 'Marion County'}, {'country_code': 'US', 'country': 'United States', 'subdivision_name': 'Oregon', 'municipality': 'Clatsop County'}, {'country_code': 'US', 'country': 'United States', 'subdivision_name': 'Oregon', 'municipality': 'Washington County'}, {'country_code': 'US', 'country': 'United States', 'subdivision_name': 'Oregon', 'municipality': 'Multnomah County'}]",https://api.goswift.ly/real-time/tillamook/gtfs-rt-vehicle-positions,2,https://goswift.ly/realtime-api-key,authorization,https://www.goswift.ly/api-license
134,mdb-1504,gtfs_rt,active,2024-02-08T00:00:00Z,,,"[{'external_id': '1504', 'source': 'mdb'}]",Sunset Empire Transportation District,,,,[],['vp'],['mdb-246'],"[{'country_code': 'US', 'country': 'United States', 'subdivision_name': 'Oregon', 'municipality': 'Tillamook County'}, {'country_code': 'US', 'country': 'United States', 'subdivision_name': 'Oregon', 'municipality': 'Lincoln County'}, {'country_code': 'US', 'country': 'United States', 'subdivision_name': 'Oregon', 'municipality': 'Polk County'}, {'country_code': 'US', 'country': 'United States', 'subdivision_name': 'Oregon', 'municipality': 'Marion County'}, {'country_code': 'US', 'country': 'United States', 'subdivision_name': 'Oregon', 'municipality': 'Clatsop County'}, {'country_code': 'US', 'country': 'United States', 'subdivision_name': 'Oregon', 'municipality': 'Washington County'}, {'country_code': 'US', 'country': 'United States', 'subdivision_name': 'Oregon', 'municipality': 'Multnomah County'}]",https://api.goswift.ly/real-time/setd/gtfs-rt-vehicle-positions,2,https://goswift.ly/realtime-api-key,authorization,https://www.goswift.ly/api-license
137,mdb-1516,gtfs_rt,active,2024-02-08T00:00:00Z,,,"[{'external_id': '1516', 'source': 'mdb'}]",Merrimack Valley Regional Transit Authority (MVRTA),,,,[],['vp'],['mdb-445'],"[{'country_code': 'US', 'country': 'United States', 'subdivision_name': 'Massachusetts', 'municipality': 'Essex County'}, {'country_code': 'US', 'country': 'United States', 'subdivision_name': 'Massachusetts', 'municipality': 'Suffolk County'}, {'country_code': 'US', 'country': 'United States', 'subdivision_name': 'New Hampshire', 'municipality': 'Rockingham County'}, {'country_code': 'US', 'country': 'United States', 'subdivision_name': 'Massachusetts', 'municipality': 'Middlesex County'}]",https://api.goswift.ly/real-time/massdot-mvrta/gtfs-rt-vehicle-positions,2,https://goswift.ly/realtime-api-key,authorization,https://www.goswift.ly/api-license
139,mdb-1751,gtfs_rt,active,2024-02-08T00:00:00Z,,,"[{'external_id': '1751', 'source': 'mdb'}]",Linn Shuttle,,,,[],['vp'],['mdb-137'],"[{'country_code': 'US', 'country': 'United States', 'subdivision_name': 'Oregon', 'municipality': 'Linn County'}]",https://api.goswift.ly/real-time/ocwcog-linn-shuttle/gtfs-rt-vehicle-positions,2,https://goswift.ly/realtime-api-key,authorization,https://www.goswift.ly/api-license
145,mdb-1567,gtfs_rt,active,2024-02-08T00:00:00Z,,,"[{'external_id': '1567', 'source': 'mdb'}]",Southeastern Pennsylvania Transportation Authority (SEPTA),SEPTA Rail,,,[],['vp'],['mdb-503'],"[{'country_code': 'US', 'country': 'United States', 'subdivision_name': 'Pennsylvania', 'municipality': 'Philadelphia County'}, {'country_code': 'US', 'country': 'United States', 'subdivision_name': 'Pennsylvania', 'municipality': 'Montgomery County'}, {'country_code': 'US', 'country': 'United States', 'subdivision_name': 'Maryland', 'municipality': 'Cecil County'}, {'country_code': 'US', 'country': 'United States', 'subdivision_name': 'Pennsylvania', 'municipality': 'Delaware County'}, {'country_code': 'US', 'country': 'United States', 'subdivision_name': 'Pennsylvania', 'municipality': 'Chester County'}, {'country_code': 'US', 'country': 'United States', 'subdivision_name': 'Delaware', 'municipality': 'New Castle County'}, {'country_code': 'US', 'country': 'United States', 'subdivision_name': 'Pennsylvania', 'municipality': 'Bucks County'}, {'country_code': 'US', 'country': 'United States', 'subdivision_name': 'Pennsylvania', 'municipality': 'Lancaster County'}, {'country_code': 'US', 'country': 'United States', 'subdivision_name': 'Pennsylvania', 'municipality': 'Dauphin County'}, {'country_code': 'US', 'country': 'United States', 'subdivision_name': 'New Jersey', 'municipality': 'Mercer County'}, {'country_code': 'US', 'country': 'United States', 'subdivision_name': 'Pennsylvania', 'municipality': 'Perry County'}, {'country_code': 'US', 'country': 'United States', 'subdivision_name': 'New Jersey', 'municipality': 'Middlesex County'}, {'country_code': 'US', 'country': 'United States', 'subdivision_name': 'New Jersey', 'municipality': 'Somerset County'}, {'country_code': 'US', 'country': 'United States', 'subdivision_name': 'New Jersey', 'municipality': 'Union County'}, {'country_code': 'US', 'country': 'United States', 'subdivision_name': 'New York', 'municipality': 'Richmond County'}]",https://api.goswift.ly/real-time/septa-rail/gtfs-rt-vehicle-positions,2,https://goswift.ly/realtime-api-key,authorization,https://www.goswift.ly/api-license
153,tld-4297-vp,gtfs_rt,active,2024-12-06T20:47:46.291741Z,,,"[{'external_id': 'f-embarknorman~ok~rt', 'source': 'tld'}]",Central Oklahoma Transportation and Parking Authority,,,,[],['vp'],['mdb-2062'],"[{'country_code': 'US', 'country': 'United States', 'subdivision_name': 'Oklahoma', 'municipality': 'Oklahoma County'}, {'country_code': 'US', 'country': 'United States', 'subdivision_name': 'Oklahoma', 'municipality': 'Cleveland County'}]",https://app.mecatran.com/utw/ws/gtfsfeed/vehicles/embarkok,1,https://embarkok.com/business/developer-resources/developer-registration,apiKey,
156,mdb-1630,gtfs_rt,active,2024-02-08T00:00:00Z,,,"[{'external_id': '1630', 'source': 'mdb'}]",Metropolitan Transit Authority (MTA),NYC Subway ACE Lines,This source includes Vehicle Position and Trip Updates entities under the same feed.,,[],"['tu', 'vp']",['mdb-516'],"[{'country_code': 'US', 'country': 'United States', 'subdivision_name': 'New York', 'municipality': 'Bronx County'}, {'country_code': 'US', 'country': 'United States', 'subdivision_name': 'New York', 'municipality': 'New York County'}, {'country_code': 'US', 'country': 'United States', 'subdivision_name': 'New York', 'municipality': 'Kings County'}, {'country_code': 'US', 'country': 'United States', 'subdivision_name': 'New York', 'municipality': 'Queens County'}, {'country_code': 'US', 'country': 'United States', 'subdivision_name': 'New York', 'municipality': 'Richmond County'}]",https://api-endpoint.mta.info/Dataservice/mtagtfsfeeds/nyct%2Fgtfs-ace,2,https://api.mta.info/,,
157,mdb-1631,gtfs_rt,active,2024-02-08T00:00:00Z,,,"[{'external_id': '1631', 'source': 'mdb'}]",Metropolitan Transit Authority (MTA),NYC Subway BDFM Lines,This source includes Vehicle Position and Trip Updates entities under the same feed.,,[],"['tu', 'vp']",['mdb-516'],"[{'country_code': 'US', 'country': 'United States', 'subdivision_name': 'New York', 'municipality': 'Bronx County'}, {'country_code': 'US', 'country': 'United States', 'subdivision_name': 'New York', 'municipality': 'New York County'}, {'country_code': 'US', 'country': 'United States', 'subdivision_name': 'New York', 'municipality': 'Kings County'}, {'country_code': 'US', 'country': 'United States', 'subdivision_name': 'New York', 'municipality': 'Queens County'}, {'country_code': 'US', 'country': 'United States', 'subdivision_name': 'New York', 'municipality': 'Richmond County'}]",https://api-endpoint.mta.info/Dataservice/mtagtfsfeeds/nyct%2Fgtfs-bdfm,2,https://api.mta.info/,,
158,mdb-1632,gtfs_rt,active,2024-02-08T00:00:00Z,,,"[{'external_id': '1632', 'source': 'mdb'}]",Metropolitan Transit Authority (MTA),NYC Subway G Line,This source includes Vehicle Position and Trip Updates entities under the same feed.,,[],"['tu', 'vp']",['mdb-516'],"[{'country_code': 'US', 'country': 'United States', 'subdivision_name': 'New York', 'municipality': 'Bronx County'}, {'country_code': 'US', 'country': 'United States', 'subdivision_name': 'New York', 'municipality': 'New York County'}, {'country_code': 'US', 'country': 'United States', 'subdivision_name': 'New York', 'municipality': 'Kings County'}, {'country_code': 'US', 'country': 'United States', 'subdivision_name': 'New York', 'municipality': 'Queens County'}, {'country_code': 'US', 'country': 'United States', 'subdivision_name': 'New York', 'municipality': 'Richmond County'}]",https://api-endpoint.mta.info/Dataservice/mtagtfsfeeds/nyct%2Fgtfs-g,2,https://api.mta.info/,,
159,mdb-1633,gtfs_rt,active,2024-02-08T00:00:00Z,,,"[{'external_id': '1633', 'source': 'mdb'}]",Metropolitan Transit Authority (MTA),NYC Subway JZ Lines,This source includes Vehicle Position and Trip Updates entities under the same feed.,,[],"['tu', 'vp']",['mdb-516'],"[{'country_code': 'US', 'country': 'United States', 'subdivision_name': 'New York', 'municipality': 'Bronx County'}, {'country_code': 'US', 'country': 'United States', 'subdivision_name': 'New York', 'municipality': 'New York County'}, {'country_code': 'US', 'country': 'United States', 'subdivision_name': 'New York', 'municipality': 'Kings County'}, {'country_code': 'US', 'country': 'United States', 'subdivision_name': 'New York', 'municipality': 'Queens County'}, {'country_code': 'US', 'country': 'United States', 'subdivision_name': 'New York', 'municipality': 'Richmond County'}]",https://api-endpoint.mta.info/Dataservice/mtagtfsfeeds/nyct%2Fgtfs-jz,2,https://api.mta.info/,,
160,mdb-1634,gtfs_rt,active,2024-02-08T00:00:00Z,,,"[{'external_id': '1634', 'source': 'mdb'}]",Metropolitan Transit Authority (MTA),NYC Subway NQRW Lines,This source includes Vehicle Position and Trip Updates entities under the same feed.,,[],"['tu', 'vp']",['mdb-516'],"[{'country_code': 'US', 'country': 'United States', 'subdivision_name': 'New York', 'municipality': 'Bronx County'}, {'country_code': 'US', 'country': 'United States', 'subdivision_name': 'New York', 'municipality': 'New York County'}, {'country_code': 'US', 'country': 'United States', 'subdivision_name': 'New York', 'municipality': 'Kings County'}, {'country_code': 'US', 'country': 'United States', 'subdivision_name': 'New York', 'municipality': 'Queens County'}, {'country_code': 'US', 'country': 'United States', 'subdivision_name': 'New York', 'municipality': 'Richmond County'}]",https://api-endpoint.mta.info/Dataservice/mtagtfsfeeds/nyct%2Fgtfs-nqrw,2,https://api.mta.info/,,
161,mdb-1635,gtfs_rt,active,2024-02-08T00:00:00Z,,,"[{'external_id': '1635', 'source': 'mdb'}]",Metropolitan Transit Authority (MTA),"NYC Subway 1, 2, 3, 4, 5, 6, 7 trains",This source includes Vehicle Position and Trip Updates entities under the same feed.,,[],"['tu', 'vp']",['mdb-516'],"[{'country_code': 'US', 'country': 'United States', 'subdivision_name': 'New York', 'municipality': 'Bronx County'}, {'country_code': 'US', 'country': 'United States', 'subdivision_name': 'New York', 'municipality': 'New York County'}, {'country_code': 'US', 'country': 'United States', 'subdivision_name': 'New York', 'municipality': 'Kings County'}, {'country_code': 'US', 'country': 'United States', 'subdivision_name': 'New York', 'municipality': 'Queens County'}, {'country_code': 'US', 'country': 'United States', 'subdivision_name': 'New York', 'municipality': 'Richmond County'}]",https://api-endpoint.mta.info/Dataservice/mtagtfsfeeds/nyct%2Fgtfs,2,https://api.mta.info/,,
162,mdb-1636,gtfs_rt,active,2024-02-08T00:00:00Z,,,"[{'external_id': '1636', 'source': 'mdb'}]",Metropolitan Transit Authority (MTA),NYC Subway L Train,This source includes Vehicle Position and Trip Updates entities under the same feed.,,[],"['tu', 'vp']",['mdb-516'],"[{'country_code': 'US', 'country': 'United States', 'subdivision_name': 'New York', 'municipality': 'Bronx County'}, {'country_code': 'US', 'country': 'United States', 'subdivision_name': 'New York', 'municipality': 'New York County'}, {'country_code': 'US', 'country': 'United States', 'subdivision_name': 'New York', 'municipality': 'Kings County'}, {'country_code': 'US', 'country': 'United States', 'subdivision_name': 'New York', 'municipality': 'Queens County'}, {'country_code': 'US', 'country': 'United States', 'subdivision_name': 'New York', 'municipality': 'Richmond County'}]",https://api-endpoint.mta.info/Dataservice/mtagtfsfeeds/nyct%2Fgtfs-l,2,https://api.mta.info/,,
163,mdb-1637,gtfs_rt,active,2024-02-08T00:00:00Z,,,"[{'external_id': '1637', 'source': 'mdb'}]",Staten Island Railway,,This source includes Vehicle Position and Trip Updates entities under the same feed.,,[],"['tu', 'vp']",['mdb-516'],"[{'country_code': 'US', 'country': 'United States', 'subdivision_name': 'New York', 'municipality': 'Bronx County'}, {'country_code': 'US', 'country': 'United States', 'subdivision_name': 'New York', 'municipality': 'New York County'}, {'country_code': 'US', 'country': 'United States', 'subdivision_name': 'New York', 'municipality': 'Kings County'}, {'country_code': 'US', 'country': 'United States', 'subdivision_name': 'New York', 'municipality': 'Queens County'}, {'country_code': 'US', 'country': 'United States', 'subdivision_name': 'New York', 'municipality': 'Richmond County'}]",https://api-endpoint.mta.info/Dataservice/mtagtfsfeeds/nyct%2Fgtfs-si,2,https://api.mta.info/,,
164,mdb-1356,gtfs_rt,active,2024-02-08T00:00:00Z,,,"[{'external_id': '1356', 'source': 'mdb'}]",Exo Sud-ouest,,,,[],['vp'],['mdb-742'],"[{'country_code': 'CA', 'country': 'Canada', 'subdivision_name': 'Quebec', 'municipality': 'Montreal'}, {'country_code': 'CA', 'country': 'Canada', 'subdivision_name': 'Quebec', 'municipality': 'Châteauguay'}, {'country_code': 'CA', 'country': 'Canada', 'subdivision_name': 'Quebec', 'municipality': 'Beauharnois'}, {'country_code': 'CA', 'country': 'Canada', 'subdivision_name': 'Quebec', 'municipality': 'Léry'}, {'country_code': 'CA', 'country': 'Canada', 'subdivision_name': 'Quebec', 'municipality': 'Montérégie'}, {'country_code': 'CA', 'country': 'Canada', 'subdivision_name': 'Quebec', 'municipality': 'Salaberry-de-Valleyfield'}, {'country_code': 'CA', 'country': 'Canada', 'subdivision_name': 'Quebec', 'municipality': 'Sainte-Martine'}, {'country_code': 'CA', 'country': 'Canada', 'subdivision_name': 'Quebec', 'municipality': 'Mercier'}]",https://opendata.exo.quebec/ServiceGTFSR/VehiclePosition.pb?agency=CITSO,1,https://exo.quebec/fr/a-propos/donnees-ouvertes/FormulaireDemandeAcces,token,https://exo.quebec/fr/a-propos/donnees-ouvertes/FormulaireDemandeAcces
167,mdb-1624,gtfs_rt,active,2024-02-08T00:00:00Z,,,"[{'external_id': '1624', 'source': 'mdb'}]",Metropolitan Transit Authority (MTA),Long Island Rail Road,This source includes Vehicle Position and Trip Updates entities under the same feed.,,[],"['tu', 'vp']",['mdb-507'],"[{'country_code': 'US', 'country': 'United States', 'subdivision_name': 'New York', 'municipality': 'Nassau County'}, {'country_code': 'US', 'country': 'United States', 'subdivision_name': 'New York', 'municipality': 'Suffolk County'}, {'country_code': 'US', 'country': 'United States', 'subdivision_name': 'New York', 'municipality': 'Queens County'}, {'country_code': 'US', 'country': 'United States', 'subdivision_name': 'New York', 'municipality': 'Kings County'}, {'country_code': 'US', 'country': 'United States', 'subdivision_name': 'New York', 'municipality': 'New York County'}]",https://api-endpoint.mta.info/Dataservice/mtagtfsfeeds/lirr%2Fgtfs-lirr,2,https://api.mta.info/,,
170,mdb-1583,gtfs_rt,active,2024-02-08T00:00:00Z,,,"[{'external_id': '1583', 'source': 'mdb'}]",Ellensburg Central Transit,,,,[],['vp'],['mdb-303'],"[{'country_code': 'US', 'country': 'United States', 'subdivision_name': 'Washington', 'municipality': 'Kittitas County'}]",https://api.goswift.ly/real-time/central-transit-wa/gtfs-rt-vehicle-positions,2,https://goswift.ly/realtime-api-key,authorization,https://www.goswift.ly/api-license
178,mdb-1850,gtfs_rt,active,2024-02-08T00:00:00Z,,,"[{'external_id': '1850', 'source': 'mdb'}]",Washington Metropolitan Area Transit Authority (WMATA),,bus,,[],['vp'],['mdb-1846'],"[{'country_code': 'US', 'country': 'United States', 'subdivision_name': 'Maryland', 'municipality': ""Prince George's County""}, {'country_code': 'US', 'country': 'United States', 'subdivision_name': 'Virginia', 'municipality': 'Fairfax County'}, {'country_code': 'US', 'country': 'United States', 'subdivision_name': 'Virginia', 'municipality': 'Alexandria'}, {'country_code': 'US', 'country': 'United States', 'subdivision_name': 'District of Columbia', 'municipality': 'Washington'}, {'country_code': 'US', 'country': 'United States', 'subdivision_name': 'Virginia', 'municipality': 'Arlington County'}, {'country_code': 'US', 'country': 'United States', 'subdivision_name': 'Virginia', 'municipality': 'Fairfax'}, {'country_code': 'US', 'country': 'United States', 'subdivision_name': 'Virginia', 'municipality': 'Falls Church'}, {'country_code': 'US', 'country': 'United States', 'subdivision_name': 'Maryland', 'municipality': 'Montgomery County'}]",https://api.wmata.com/gtfs/bus-gtfsrt-vehiclepositions.pb,1,https://developer.wmata.com/signup/,api_key,https://developer.wmata.com/license
179,mdb-1756,gtfs_rt,active,2024-02-08T00:00:00Z,,,"[{'external_id': '1756', 'source': 'mdb'}]",Madera County Connection,,,,[],['vp'],['mdb-572'],"[{'country_code': 'US', 'country': 'United States', 'subdivision_name': 'California', 'municipality': 'Madera County'}]",https://api.goswift.ly/real-time/madera/gtfs-rt-vehicle-positions,2,https://goswift.ly/realtime-api-key,authorization,https://www.goswift.ly/api-license
194,mdb-1484,gtfs_rt,deprecated,2024-02-08T00:00:00Z,,,"[{'external_id': '1484', 'source': 'mdb'}]",Cascades East Transit,,,,"[{'target_id': 'tld-4067-vp', 'comment': ''}]",['vp'],['mdb-138'],"[{'country_code': 'US', 'country': 'United States', 'subdivision_name': 'Oregon', 'municipality': 'Jefferson County'}, {'country_code': 'US', 'country': 'United States', 'subdivision_name': 'Oregon', 'municipality': 'Crook County'}, {'country_code': 'US', 'country': 'United States', 'subdivision_name': 'Oregon', 'municipality': 'Deschutes County'}]",https://api.goswift.ly/real-time/coic/gtfs-rt-vehicle-positions,2,https://goswift.ly/realtime-api-key,authorization,https://www.goswift.ly/api-license
197,mdb-1555,gtfs_rt,active,2024-02-08T00:00:00Z,,,"[{'external_id': '1555', 'source': 'mdb'}]",Washington State Ferries,,,,[],['vp'],['mdb-1331'],"[{'country_code': 'US', 'country': 'United States', 'subdivision_name': 'Washington', 'municipality': 'Skagit County'}, {'country_code': 'US', 'country': 'United States', 'subdivision_name': 'Washington', 'municipality': 'San Juan County'}, {'country_code': 'US', 'country': 'United States', 'subdivision_name': 'Washington', 'municipality': 'Island County'}, {'country_code': 'US', 'country': 'United States', 'subdivision_name': 'Washington', 'municipality': 'Kitsap County'}, {'country_code': 'US', 'country': 'United States', 'subdivision_name': 'Washington', 'municipality': 'Snohomish County'}, {'country_code': 'US', 'country': 'United States', 'subdivision_name': 'Washington', 'municipality': 'Pierce County'}, {'country_code': 'US', 'country': 'United States', 'subdivision_name': 'Washington', 'municipality': 'Jefferson County'}, {'country_code': 'US', 'country': 'United States', 'subdivision_name': 'Washington', 'municipality': 'King County'}]",https://api.pugetsound.onebusaway.org/api/gtfs_realtime/vehicle-positions-for-agency/95.pb,1,https://www.soundtransit.org/help-contacts/business-information/open-transit-data-otd/otd-downloads,key,https://www.soundtransit.org/help-contacts/business-information/open-transit-data-otd/transit-data-terms-use
213,mdb-1514,gtfs_rt,active,2024-02-08T00:00:00Z,,,"[{'external_id': '1514', 'source': 'mdb'}]",Green Mountain Transit Agency,,,,[],['vp'],['mdb-629'],"[{'country_code': 'US', 'country': 'United States', 'subdivision_name': 'Vermont', 'municipality': 'Chittenden County'}, {'country_code': 'US', 'country': 'United States', 'subdivision_name': 'Vermont', 'municipality': 'Washington County'}, {'country_code': 'US', 'country': 'United States', 'subdivision_name': 'Vermont', 'municipality': 'Lamoille County'}, {'country_code': 'US', 'country': 'United States', 'subdivision_name': 'Vermont', 'municipality': 'Franklin County'}, {'country_code': 'US', 'country': 'United States', 'subdivision_name': 'Vermont', 'municipality': 'Addison County'}, {'country_code': 'US', 'country': 'United States', 'subdivision_name': 'Vermont', 'municipality': 'Grand Isle County'}, {'country_code': 'US', 'country': 'United States', 'subdivision_name': 'Vermont', 'municipality': 'Orange County'}, {'country_code': 'US', 'country': 'United States', 'subdivision_name': 'Vermont', 'municipality': 'Caledonia County'}, {'country_code': 'US', 'country': 'United States', 'subdivision_name': 'Vermont', 'municipality': 'Swanton'}, {'country_code': 'US', 'country': 'United States', 'subdivision_name': 'Vermont', 'municipality': 'Alburgh'}, {'country_code': 'US', 'country': 'United States', 'subdivision_name': 'Vermont', 'municipality': 'Highgate'}, {'country_code': 'US', 'country': 'United States', 'subdivision_name': 'Vermont', 'municipality': 'Berkshire'}, {'country_code': 'US', 'country': 'United States', 'subdivision_name': 'Vermont', 'municipality': 'Richford'}]",https://api.goswift.ly/real-time/green-mountain/gtfs-rt-vehicle-positions,2,https://goswift.ly/realtime-api-key,authorization,https://www.goswift.ly/api-license
215,mdb-1688,gtfs_rt,active,2024-02-08T00:00:00Z,,,"[{'external_id': '1688', 'source': 'mdb'}]",San Joaquin Regional Transit District (RTD),,,,[],['vp'],['mdb-886'],"[{'country_code': 'US', 'country': 'United States', 'subdivision_name': 'California', 'municipality': 'San Joaquin County'}, {'country_code': 'US', 'country': 'United States', 'subdivision_name': 'California', 'municipality': 'Alameda County'}, {'country_code': 'US', 'country': 'United States', 'subdivision_name': 'California', 'municipality': 'Sacramento County'}]",https://api.goswift.ly/real-time/san-joaquin/gtfs-rt-vehicle-positions,2,https://goswift.ly/realtime-api-key,authorization,https://www.goswift.ly/api-license
219,mdb-1347,gtfs_rt,active,2024-02-08T00:00:00Z,,,"[{'external_id': '1347', 'source': 'mdb'}]",Exo Vallée du Richelieu,,,,[],['vp'],['mdb-752'],"[{'country_code': 'CA', 'country': 'Canada', 'subdivision_name': 'Quebec', 'municipality': 'Montreal'}, {'country_code': 'CA', 'country': 'Canada', 'subdivision_name': 'Quebec', 'municipality': 'Beloeil'}, {'country_code': 'CA', 'country': 'Canada', 'subdivision_name': 'Quebec', 'municipality': 'Saint-Mathieu-de-Beloeil'}, {'country_code': 'CA', 'country': 'Canada', 'subdivision_name': 'Quebec', 'municipality': 'McMasterville'}, {'country_code': 'CA', 'country': 'Canada', 'subdivision_name': 'Quebec', 'municipality': 'Sainte-Julie'}, {'country_code': 'CA', 'country': 'Canada', 'subdivision_name': 'Quebec', 'municipality': 'Longueuil'}, {'country_code': 'CA', 'country': 'Canada', 'subdivision_name': 'Quebec', 'municipality': 'Saint-Basile-le-Grand'}, {'country_code': 'CA', 'country': 'Canada', 'subdivision_name': 'Quebec', 'municipality': 'Saint-Bruno-de-Montarville'}, {'country_code': 'CA', 'country': 'Canada', 'subdivision_name': 'Quebec', 'municipality': 'Mont-Saint-Hilaire'}, {'country_code': 'CA', 'country': 'Canada', 'subdivision_name': 'Quebec', 'municipality': 'Saint-Hyacinthe'}, {'country_code': 'CA', 'country': 'Canada', 'subdivision_name': 'Quebec', 'municipality': 'Otterburn Park'}, {'country_code': 'CA', 'country': 'Canada', 'subdivision_name': 'Quebec', 'municipality': 'Sainte-Marie-Madeleine'}, {'country_code': 'CA', 'country': 'Canada', 'subdivision_name': 'Quebec', 'municipality': 'Sainte-Madeleine'}, {'country_code': 'CA', 'country': 'Canada', 'subdivision_name': 'Quebec', 'municipality': 'Brossard'}]",https://opendata.exo.quebec/ServiceGTFSR/VehiclePosition.pb?agency=CITVR,1,https://exo.quebec/fr/a-propos/donnees-ouvertes/FormulaireDemandeAcces,token,https://exo.quebec/fr/a-propos/donnees-ouvertes/FormulaireDemandeAcces
220,mdb-1493,gtfs_rt,active,2024-02-08T00:00:00Z,,,"[{'external_id': '1493', 'source': 'mdb'}]",Humboldt Transit,Redwood Transit System,,,[],['vp'],['mdb-19'],"[{'country_code': 'US', 'country': 'United States', 'subdivision_name': 'California', 'municipality': 'Humboldt County'}, {'country_code': 'US', 'country': 'United States', 'subdivision_name': 'California', 'municipality': 'Mendocino County'}]",https://api.goswift.ly/real-time/redwood/gtfs-rt-vehicle-positions,2,https://goswift.ly/realtime-api-key,authorization,https://www.goswift.ly/api-license
221,mdb-1481,gtfs_rt,active,2024-02-08T00:00:00Z,,,"[{'external_id': '1481', 'source': 'mdb'}]",City of Banning Pass Transit System,,,,[],['vp'],['mdb-220'],"[{'country_code': 'US', 'country': 'United States', 'subdivision_name': 'California', 'municipality': 'Riverside County'}]",https://api.goswift.ly/real-time/banning/gtfs-rt-vehicle-positions,2,https://goswift.ly/realtime-api-key,authorization,https://www.goswift.ly/api-license
222,mdb-1591,gtfs_rt,active,2024-02-08T00:00:00Z,,,"[{'external_id': '1591', 'source': 'mdb'}]","Haarasilta Toivo Samuli, Järvisen Liikenne Oy, Koiviston Auto Oy, Lehtimäen Liikenne Oy, Bus Travel Oy Reissu Ruoti, Tilausliikenne Kuisma Ky",Lahti,,,[],['vp'],['mdb-1129'],"[{'country_code': 'FI', 'country': 'Finland', 'subdivision_name': 'Päijät-Häme', 'municipality': 'Lahti'}, {'country_code': 'FI', 'country': 'Finland', 'subdivision_name': 'Päijät-Häme', 'municipality': 'Orimattila'}, {'country_code': 'FI', 'country': 'Finland', 'subdivision_name': 'Päijät-Häme', 'municipality': 'Asikkala'}, {'country_code': 'FI', 'country': 'Finland', 'subdivision_name': 'Päijät-Häme', 'municipality': 'Padasjoki'}, {'country_code': 'FI', 'country': 'Finland', 'subdivision_name': 'Päijät-Häme', 'municipality': 'Hollola'}, {'country_code': 'FI', 'country': 'Finland', 'subdivision_name': 'Päijät-Häme', 'municipality': 'Heinola'}, {'country_code': 'FI', 'country': 'Finland', 'subdivision_name': 'Päijät-Häme', 'municipality': 'Kärkölä'}]",https://data.waltti.fi/lahti/api/gtfsrealtime/v1.0/feed/vehicleposition,2,https://opendata.waltti.fi/getting-started,,
226,mdb-1576,gtfs_rt,active,2024-02-08T00:00:00Z,,,"[{'external_id': '1576', 'source': 'mdb'}]",Sonoma Marin Area Rail Transit (SMART),,,,[],['vp'],['mdb-815'],"[{'country_code': 'US', 'country': 'United States', 'subdivision_name': 'California', 'municipality': 'Sonoma County'}, {'country_code': 'US', 'country': 'United States', 'subdivision_name': 'California', 'municipality': 'Marin County'}]",https://api.goswift.ly/real-time/smart/gtfs-rt-vehicle-positions,2,https://goswift.ly/realtime-api-key,authorization,https://www.goswift.ly/api-license
233,mdb-1546,gtfs_rt,active,2024-02-08T00:00:00Z,,,"[{'external_id': '1546', 'source': 'mdb'}]",City of Seattle - Streetcar,,,,[],['vp'],['mdb-1080'],"[{'country_code': 'US', 'country': 'United States', 'subdivision_name': 'Washington', 'municipality': 'King County'}, {'country_code': 'US', 'country': 'United States', 'subdivision_name': 'Washington', 'municipality': 'Snohomish County'}, {'country_code': 'US', 'country': 'United States', 'subdivision_name': 'Washington', 'municipality': 'Pierce County'}, {'country_code': 'US', 'country': 'United States', 'subdivision_name': 'Washington', 'municipality': 'Thurston County'}, {'country_code': 'US', 'country': 'United States', 'subdivision_name': 'Washington', 'municipality': 'Kitsap County'}, {'country_code': 'US', 'country': 'United States', 'subdivision_name': 'Washington', 'municipality': 'Skagit County'}, {'country_code': 'US', 'country': 'United States', 'subdivision_name': 'Washington', 'municipality': 'San Juan County'}, {'country_code': 'US', 'country': 'United States', 'subdivision_name': 'Washington', 'municipality': 'Island County'}, {'country_code': 'US', 'country': 'United States', 'subdivision_name': 'Washington', 'municipality': 'Jefferson County'}]",https://api.pugetsound.onebusaway.org/api/gtfs_realtime/vehicle-positions-for-agency/23.pb,1,https://www.soundtransit.org/help-contacts/business-information/open-transit-data-otd/otd-downloads,key,https://www.soundtransit.org/help-contacts/business-information/open-transit-data-otd/transit-data-terms-use
234,mdb-1680,gtfs_rt,active,2024-02-08T00:00:00Z,,,"[{'external_id': '1680', 'source': 'mdb'}]",Rural Community Transportation (RCT),,,,[],['vp'],['mdb-448'],"[{'country_code': 'US', 'country': 'United States', 'subdivision_name': 'Vermont', 'municipality': 'Caledonia County'}, {'country_code': 'US', 'country': 'United States', 'subdivision_name': 'Vermont', 'municipality': 'Orleans County'}, {'country_code': 'US', 'country': 'United States', 'subdivision_name': 'Vermont', 'municipality': 'Derby'}, {'country_code': 'US', 'country': 'United States', 'subdivision_name': 'New Hampshire', 'municipality': 'Grafton County'}, {'country_code': 'US', 'country': 'United States', 'subdivision_name': 'Vermont', 'municipality': 'Lamoille County'}, {'country_code': 'US', 'country': 'United States', 'subdivision_name': 'Vermont', 'municipality': 'Washington County'}, {'country_code': 'US', 'country': 'United States', 'subdivision_name': 'Vermont', 'municipality': 'Essex County'}, {'country_code': 'US', 'country': 'United States', 'subdivision_name': 'Vermont', 'municipality': 'Troy'}, {'country_code': 'US', 'country': 'United States', 'subdivision_name': 'Vermont', 'municipality': 'Chittenden County'}]",https://api.goswift.ly/real-time/rct/gtfs-rt-vehicle-positions,2,https://goswift.ly/realtime-api-key,authorization,https://www.goswift.ly/api-license
239,mdb-1439,gtfs_rt,active,2024-02-08T00:00:00Z,,,"[{'external_id': '1439', 'source': 'mdb'}]",North County Transit District (NCTD),,,,[],['vp'],['mdb-14'],"[{'country_code': 'US', 'country': 'United States', 'subdivision_name': 'California', 'municipality': 'San Diego County'}]",https://api.goswift.ly/real-time/nctd/gtfs-rt-vehicle-positions,2,https://goswift.ly/realtime-api-key,authorization,https://www.goswift.ly/api-license
240,mdb-1599,gtfs_rt,active,2024-02-08T00:00:00Z,,,"[{'external_id': '1599', 'source': 'mdb'}]",Bay Town Trolley,,,,[],['vp'],['mdb-337'],"[{'country_code': 'US', 'country': 'United States', 'subdivision_name': 'Florida', 'municipality': 'Bay County'}]",https://api.goswift.ly/real-time/bay-town-trolley/gtfs-rt-vehicle-positions,2,https://goswift.ly/realtime-api-key,authorization,https://www.goswift.ly/api-license
242,mdb-1574,gtfs_rt,active,2024-02-08T00:00:00Z,,,"[{'external_id': '1574', 'source': 'mdb'}]",LA Metro,,,,[],['vp'],['mdb-30'],"[{'country_code': 'US', 'country': 'United States', 'subdivision_name': 'California', 'municipality': 'Los Angeles County'}]",https://api.goswift.ly/real-time/lametro/gtfs-rt-vehicle-positions,2,https://goswift.ly/realtime-api-key,authorization,https://www.goswift.ly/api-license
243,mdb-1499,gtfs_rt,active,2024-02-08T00:00:00Z,,,"[{'external_id': '1499', 'source': 'mdb'}]",Lincoln County Transit,,,,[],['vp'],['mdb-23'],"[{'country_code': 'US', 'country': 'United States', 'subdivision_name': 'Oregon', 'municipality': 'Lincoln County'}, {'country_code': 'US', 'country': 'United States', 'subdivision_name': 'Oregon', 'municipality': 'Benton County'}, {'country_code': 'US', 'country': 'United States', 'subdivision_name': 'Oregon', 'municipality': 'Linn County'}]",https://api.goswift.ly/real-time/lincoln-county/gtfs-rt-vehicle-positions,2,https://goswift.ly/realtime-api-key,authorization,https://www.goswift.ly/api-license
245,mdb-1512,gtfs_rt,active,2024-02-08T00:00:00Z,,,"[{'external_id': '1512', 'source': 'mdb'}]",Green Mountain Community Network,,,,[],['vp'],['mdb-539'],"[{'country_code': 'US', 'country': 'United States', 'subdivision_name': 'Vermont', 'municipality': 'Bennington County'}, {'country_code': 'US', 'country': 'United States', 'subdivision_name': 'Massachusetts', 'municipality': 'Berkshire County'}, {'country_code': 'US', 'country': 'United States', 'subdivision_name': 'Vermont', 'municipality': 'Windham County'}]",https://api.goswift.ly/real-time/bennington-gmcn/gtfs-rt-vehicle-positions,2,https://goswift.ly/realtime-api-key,authorization,https://www.goswift.ly/api-license
249,mdb-1739,gtfs_rt,active,2024-02-08T00:00:00Z,,,"[{'external_id': '1739', 'source': 'mdb'}]",Miami Dade Transit,,,,[],['vp'],['mdb-331'],"[{'country_code': 'US', 'country': 'United States', 'subdivision_name': 'Florida', 'municipality': 'Miami-Dade County'}, {'country_code': 'US', 'country': 'United States', 'subdivision_name': 'Florida', 'municipality': 'Broward County'}, {'country_code': 'US', 'country': 'United States', 'subdivision_name': 'Florida', 'municipality': 'Monroe County'}]",https://api.goswift.ly/real-time/miami/gtfs-rt-vehicle-positions/,2,https://goswift.ly/realtime-api-key,authorization,https://www.goswift.ly/api-license
254,mdb-1549,gtfs_rt,active,2024-02-08T00:00:00Z,,,"[{'external_id': '1549', 'source': 'mdb'}]",Everett Transit,,,,[],['vp'],['mdb-288'],"[{'country_code': 'US', 'country': 'United States', 'subdivision_name': 'Washington', 'municipality': 'Snohomish County'}]",https://api.pugetsound.onebusaway.org/api/gtfs_realtime/vehicle-positions-for-agency/97.pb,1,https://www.soundtransit.org/help-contacts/business-information/open-transit-data-otd/otd-downloads,key,https://www.soundtransit.org/help-contacts/business-information/open-transit-data-otd/transit-data-terms-use
261,mdb-1508,gtfs_rt,active,2024-02-08T00:00:00Z,,,"[{'external_id': '1508', 'source': 'mdb'}]",Kern Transit,,,,[],['vp'],['mdb-47'],"[{'country_code': 'US', 'country': 'United States', 'subdivision_name': 'California', 'municipality': 'Kern County'}, {'country_code': 'US', 'country': 'United States', 'subdivision_name': 'California', 'municipality': 'Los Angeles County'}]",https://api.goswift.ly/real-time/kern-transit/gtfs-rt-vehicle-positions,2,https://goswift.ly/realtime-api-key,authorization,https://www.goswift.ly/api-license
282,mdb-1368,gtfs_rt,active,2024-02-08T00:00:00Z,,,"[{'external_id': '1368', 'source': 'mdb'}]",Exo Haut-Saint-Laurent,,,,[],['vp'],['mdb-745'],"[{'country_code': 'CA', 'country': 'Canada', 'subdivision_name': 'Quebec', 'municipality': 'Montreal'}, {'country_code': 'CA', 'country': 'Canada', 'subdivision_name': 'Quebec', 'municipality': 'Châteauguay'}, {'country_code': 'CA', 'country': 'Canada', 'subdivision_name': 'Quebec', 'municipality': 'Montérégie'}, {'country_code': 'CA', 'country': 'Canada', 'subdivision_name': 'Quebec', 'municipality': 'Sainte-Martine'}, {'country_code': 'CA', 'country': 'Canada', 'subdivision_name': 'Quebec', 'municipality': 'Mercier'}]",https://opendata.exo.quebec/ServiceGTFSR/VehiclePosition.pb?agency=CITHSL,1,https://exo.quebec/fr/a-propos/donnees-ouvertes/FormulaireDemandeAcces,token,https://exo.quebec/fr/a-propos/donnees-ouvertes/FormulaireDemandeAcces
285,mdb-1653,gtfs_rt,active,2024-02-08T00:00:00Z,,,"[{'external_id': '1653', 'source': 'mdb'}]",Tahoe Transportation District (TTD),,,,[],['vp'],['mdb-897'],"[{'country_code': 'US', 'country': 'United States', 'subdivision_name': 'California', 'municipality': 'El Dorado County'}, {'country_code': 'US', 'country': 'United States', 'subdivision_name': 'Nevada', 'municipality': 'Douglas County'}, {'country_code': 'US', 'country': 'United States', 'subdivision_name': 'Nevada', 'municipality': 'Carson City'}, {'country_code': 'US', 'country': 'United States', 'subdivision_name': 'Nevada', 'municipality': 'Washoe County'}]",https://api.goswift.ly/real-time/bluego/gtfs-rt-vehicle-positions,2,https://goswift.ly/realtime-api-key,authorization,https://www.goswift.ly/api-license
287,mdb-1710,gtfs_rt,active,2024-02-08T00:00:00Z,,,"[{'external_id': '1710', 'source': 'mdb'}]",TriMet,,,,[],['vp'],['mdb-247'],"[{'country_code': 'US', 'country': 'United States', 'subdivision_name': 'Oregon', 'municipality': 'Clackamas County'}, {'country_code': 'US', 'country': 'United States', 'subdivision_name': 'Oregon', 'municipality': 'Multnomah County'}, {'country_code': 'US', 'country': 'United States', 'subdivision_name': 'Oregon', 'municipality': 'Washington County'}]",http://developer.trimet.org/ws/V1/VehiclePositions,1,https://developer.trimet.org/GTFS.shtml,AppID,http://developer.trimet.org/terms_of_use.shtml
292,mdb-1597,gtfs_rt,active,2024-02-08T00:00:00Z,,,"[{'external_id': '1597', 'source': 'mdb'}]","Jyväskylän Liikenne Oy, Koivuranta Oy, Uuraisten Liikenne Ky, Savo-Karjalan Linja Oy, Linja-Karjala Oy, Oulun taksipalvelut Oy, Oubus Oy, Suorsan Liikenne Ky, Koskilinjat Oy, Oy Pohjolan liikenne Ab, Kuopion Liikenne Oy, Autolinjat Oy, ML-Charter Oy, Etelä-Suomen Linjaliikenne Oy, Linjaliikenne Martti Laurila Oy, Kari Väisänen Ky, Matkatoimisto Matka-Majuri Ky, Linja-autoliikenne P. Puolakka Ky, Elimäen Liikenne Oy, Anjalankosken Linja Oy, Savonlinja Oy, Liikenne M. Heikura Oy, Jääskeläisen Auto Oy, Kilpailutus käynnissä, TILAUSAJOT MENNÄÄN BUSSILLA OY, Revon Turistiliikenne Oy, Matkamestarit Oy, R-Kioski, A. Valppu Oy, Invataksi Niemi Oy, Oy Wiik & Ström Ab, Oravaisten Liikenne Oy, Vaasan Paikallisliikenne Oy, Koiviston Auto Oy, Lehtimäen Liikenne Oy, Järvisen Liikenne Oy, Niemisen Linjat Oy, Bus Travel Oy Reissu Ruoti, Taksi- ja linja-autoliikenne Timo Lahtinen, SL-Autoyhtymä Oy, Linja-autoliike E Ahonen Ky, Lehdon Liikenne Oy, HämeBus Oy, Tuuri Jaakko Juhani, Pekolan Liikenne Oy, Mikkolan Liikenne Oy, Vekka Liikenne Oy, Inter Kuljetus Oy, Valkeakosken Liikenne Oy, Matkahuolto Oy, ELY, Ventoniemi Oy, Yhdysliikenne Oy, MIKA K. NISKANEN OY, Kantamatkat, LINJA-AUTOLIIKE YRJÖ MAKKONEN & KUMPP, SOISALON LIIKENNE OY, Pohjolan Matka, HENKILÖKULJETUS RISSANEN OY, V.Alamäki Oy, Kai Heikkinen Oy, Savo Kainuun Tilausmatkat Ky, Kajaanin Tila-autot Oy, A Kyllönen Oy, Puolangan Bussipalvelu Ky, Kainuun Tilausliikenne P. Jääskeläinen Ky, Matka-Kyllönen Oy, Jyrkilä Oy, Liikenne Vuorela Oy, Pyhtään Kuljetuspalvelut Oy, Erkki Itkonen Oy, Ihastjärven Linja Oy, Tilausliikenne Himanen, Mikkelin Palvelutaksit Oy, Tuplataxi, Matka Mäkelä Oy, Tilausliikenne Hokkinen Ky, S. J. TOIVONEN OY, E. RANTANEN OY, Kuljetus Mikkonen KY, Linja-autoliike Veljekset Laitinen Oy, TILAUSLIIKENNE HÄNNINEN OY, JOUTSENON AUTO- JA KULJETUSPALVELU OY, TOIMI VENTO KY, NINA´S ERIKOISTAKSIPALVELUT OY, Tarkiainen Matti Olavi, Anssin Tilausliikenne Oy, Rautalammin Auto Oy, Oy Rytkönen & Co, SAIMAAN TURISTILIIKENNE OY, Studio Ticket Pusatec-DO-NOT-USE, Studio Ti",Jyväskylä,,,[],['vp'],['mdb-867'],"[{'country_code': 'FI', 'country': 'Finland', 'subdivision_name': 'Central Finland', 'municipality': 'Jyväskylä'}, {'country_code': 'FI', 'country': 'Finland', 'subdivision_name': 'Central Finland', 'municipality': 'Laukaa'}, {'country_code': 'FI', 'country': 'Finland', 'subdivision_name': 'Central Finland', 'municipality': 'Toivakka'}, {'country_code': 'FI', 'country': 'Finland', 'subdivision_name': 'Central Finland', 'municipality': 'Uurainen'}, {'country_code': 'FI', 'country': 'Finland', 'subdivision_name': 'Central Finland', 'municipality': 'Muurame'}, {'country_code': 'FI', 'country': 'Finland', 'subdivision_name': 'Central Finland', 'municipality': 'Hankasalmi'}, {'country_code': 'FI', 'country': 'Finland', 'subdivision_name': 'Central Finland', 'municipality': 'Petäjävesi'}, {'country_code': 'FI', 'country': 'Finland', 'subdivision_name': 'Central Finland', 'municipality': 'Äänekoski'}, {'country_code': 'FI', 'country': 'Finland', 'subdivision_name': 'Central Finland', 'municipality': 'Joutsa'}]",https://data.waltti.fi/jyvaskyla/api/gtfsrealtime/v1.0/feed/vehicleposition,2,https://opendata.waltti.fi/getting-started,,
297,mdb-1502,gtfs_rt,active,2024-02-08T00:00:00Z,,,"[{'external_id': '1502', 'source': 'mdb'}]",Marble Valley Regional Transit District (MVRTD),,,,[],['vp'],['mdb-430'],"[{'country_code': 'US', 'country': 'United States', 'subdivision_name': 'Vermont', 'municipality': 'Rutland County'}, {'country_code': 'US', 'country': 'United States', 'subdivision_name': 'Vermont', 'municipality': 'Addison County'}, {'country_code': 'US', 'country': 'United States', 'subdivision_name': 'Vermont', 'municipality': 'Bennington County'}, {'country_code': 'US', 'country': 'United States', 'subdivision_name': 'Vermont', 'municipality': 'Windsor County'}]",https://api.goswift.ly/real-time/marble-valley/gtfs-rt-vehicle-positions,2,https://goswift.ly/realtime-api-key,authorization,https://www.goswift.ly/api-license
299,mdb-1362,gtfs_rt,active,2024-02-08T00:00:00Z,,,"[{'external_id': '1362', 'source': 'mdb'}]",Exo Ville de Sainte-Julie,,,,[],['vp'],['mdb-753'],"[{'country_code': 'CA', 'country': 'Canada', 'subdivision_name': 'Quebec', 'municipality': 'Longueuil'}, {'country_code': 'CA', 'country': 'Canada', 'subdivision_name': 'Quebec', 'municipality': 'Saint-Mathieu-de-Beloeil'}, {'country_code': 'CA', 'country': 'Canada', 'subdivision_name': 'Quebec', 'municipality': 'Sainte-Julie'}, {'country_code': 'CA', 'country': 'Canada', 'subdivision_name': 'Quebec', 'municipality': 'Saint-Bruno-de-Montarville'}, {'country_code': 'CA', 'country': 'Canada', 'subdivision_name': 'Quebec', 'municipality': 'Beloeil'}, {'country_code': 'CA', 'country': 'Canada', 'subdivision_name': 'Quebec', 'municipality': 'Saint-Hyacinthe'}, {'country_code': 'CA', 'country': 'Canada', 'subdivision_name': 'Quebec', 'municipality': 'Brossard'}]",https://opendata.exo.quebec/ServiceGTFSR/VehiclePosition.pb?agency=OMITSJU,1,https://exo.quebec/fr/a-propos/donnees-ouvertes/FormulaireDemandeAcces,token,https://exo.quebec/fr/a-propos/donnees-ouvertes/FormulaireDemandeAcces
305,mdb-1552,gtfs_rt,active,2024-02-08T00:00:00Z,,,"[{'external_id': '1552', 'source': 'mdb'}]",Sound Transit,,,,[],['vp'],['mdb-268'],"[{'country_code': 'US', 'country': 'United States', 'subdivision_name': 'Washington', 'municipality': 'King County'}, {'country_code': 'US', 'country': 'United States', 'subdivision_name': 'Washington', 'municipality': 'Snohomish County'}, {'country_code': 'US', 'country': 'United States', 'subdivision_name': 'Washington', 'municipality': 'Pierce County'}]",https://api.pugetsound.onebusaway.org/api/gtfs_realtime/vehicle-positions-for-agency/40.pb,1,https://www.soundtransit.org/help-contacts/business-information/open-transit-data-otd/otd-downloads,key,https://www.soundtransit.org/help-contacts/business-information/open-transit-data-otd/transit-data-terms-use
306,mdb-1761,gtfs_rt,active,2024-02-08T00:00:00Z,,,"[{'external_id': '1761', 'source': 'mdb'}]",Benton Area Transportation,,,,[],['vp'],['mdb-126'],"[{'country_code': 'US', 'country': 'United States', 'subdivision_name': 'Oregon', 'municipality': 'Benton County'}, {'country_code': 'US', 'country': 'United States', 'subdivision_name': 'Oregon', 'municipality': 'Linn County'}, {'country_code': 'US', 'country': 'United States', 'subdivision_name': 'Oregon', 'municipality': 'Lincoln County'}]",https://api.goswift.ly/real-time/ocwcog-benton/gtfs-rt-vehicle-positions,2,https://goswift.ly/realtime-api-key,authorization,https://www.goswift.ly/api-license
311,mdb-1365,gtfs_rt,active,2024-02-08T00:00:00Z,,,"[{'external_id': '1365', 'source': 'mdb'}]",Exo Chambly-Richelieu-Carignan,,,,[],['vp'],['mdb-750'],"[{'country_code': 'CA', 'country': 'Canada', 'subdivision_name': 'Quebec', 'municipality': 'Longueuil'}, {'country_code': 'CA', 'country': 'Canada', 'subdivision_name': 'Quebec', 'municipality': 'Saint-Bruno-de-Montarville'}, {'country_code': 'CA', 'country': 'Canada', 'subdivision_name': 'Quebec', 'municipality': 'Saint-Jean-sur-Richelieu'}, {'country_code': 'CA', 'country': 'Canada', 'subdivision_name': 'Quebec', 'municipality': 'Chambly'}, {'country_code': 'CA', 'country': 'Canada', 'subdivision_name': 'Quebec', 'municipality': 'Carignan'}, {'country_code': 'CA', 'country': 'Canada', 'subdivision_name': 'Quebec', 'municipality': 'Marieville'}, {'country_code': 'CA', 'country': 'Canada', 'subdivision_name': 'Quebec', 'municipality': 'Richelieu'}, {'country_code': 'CA', 'country': 'Canada', 'subdivision_name': 'Quebec', 'municipality': 'Saint-Mathias-sur-Richelieu'}, {'country_code': 'CA', 'country': 'Canada', 'subdivision_name': 'Quebec', 'municipality': 'Brossard'}]",https://opendata.exo.quebec/ServiceGTFSR/VehiclePosition.pb?agency=CITCRC,1,https://exo.quebec/fr/a-propos/donnees-ouvertes/FormulaireDemandeAcces,token,https://exo.quebec/fr/a-propos/donnees-ouvertes/FormulaireDemandeAcces
312,mdb-1675,gtfs_rt,active,2024-02-08T00:00:00Z,,,"[{'external_id': '1675', 'source': 'mdb'}]",Seattle Children's Hospital Shuttle,,,,[],['vp'],['mdb-270'],"[{'country_code': 'US', 'country': 'United States', 'subdivision_name': 'Washington', 'municipality': 'King County'}]",https://api.goswift.ly/real-time/seattle-childrens/gtfs-rt-vehicle-positions,2,https://goswift.ly/realtime-api-key,authorization,https://www.goswift.ly/api-license
314,mdb-1685,gtfs_rt,active,2024-02-08T00:00:00Z,,,"[{'external_id': '1685', 'source': 'mdb'}]",Kansas City Area Transportation Authority (KCATA),,,,[],['vp'],['mdb-187'],"[{'country_code': 'US', 'country': 'United States', 'subdivision_name': 'Kansas', 'municipality': 'Wyandotte County'}, {'country_code': 'US', 'country': 'United States', 'subdivision_name': 'Missouri', 'municipality': 'Platte County'}, {'country_code': 'US', 'country': 'United States', 'subdivision_name': 'Kansas', 'municipality': 'Johnson County'}, {'country_code': 'US', 'country': 'United States', 'subdivision_name': 'Missouri', 'municipality': 'Jackson County'}, {'country_code': 'US', 'country': 'United States', 'subdivision_name': 'Missouri', 'municipality': 'Clay County'}]",https://api.goswift.ly/real-time/kcata/gtfs-rt-vehicle-positions,2,https://goswift.ly/realtime-api-key,authorization,https://www.goswift.ly/api-license
316,mdb-1350,gtfs_rt,active,2024-02-08T00:00:00Z,,,"[{'external_id': '1350', 'source': 'mdb'}]",Exo Roussillon,,,,[],['vp'],['mdb-747'],"[{'country_code': 'CA', 'country': 'Canada', 'subdivision_name': 'Quebec', 'municipality': 'Longueuil'}, {'country_code': 'CA', 'country': 'Canada', 'subdivision_name': 'Quebec', 'municipality': 'Montreal'}, {'country_code': 'CA', 'country': 'Canada', 'subdivision_name': 'Quebec', 'municipality': 'Brossard'}, {'country_code': 'CA', 'country': 'Canada', 'subdivision_name': 'Quebec', 'municipality': 'Delson'}, {'country_code': 'CA', 'country': 'Canada', 'subdivision_name': 'Quebec', 'municipality': 'Saint-Constant'}, {'country_code': 'CA', 'country': 'Canada', 'subdivision_name': 'Quebec', 'municipality': 'Sainte-Catherine'}, {'country_code': 'CA', 'country': 'Canada', 'subdivision_name': 'Quebec', 'municipality': 'Candiac'}]",https://opendata.exo.quebec/ServiceGTFSR/VehiclePosition.pb?agency=CITROUS,1,https://exo.quebec/fr/a-propos/donnees-ouvertes/FormulaireDemandeAcces,token,https://exo.quebec/fr/a-propos/donnees-ouvertes/FormulaireDemandeAcces
318,mdb-1724,gtfs_rt,active,2024-02-08T00:00:00Z,,,"[{'external_id': '1724', 'source': 'mdb'}]",MOOver!,,,,[],['vp'],['mdb-434'],"[{'country_code': 'US', 'country': 'United States', 'subdivision_name': 'Vermont', 'municipality': 'Windham County'}, {'country_code': 'US', 'country': 'United States', 'subdivision_name': 'New Hampshire', 'municipality': 'Cheshire County'}, {'country_code': 'US', 'country': 'United States', 'subdivision_name': 'Vermont', 'municipality': 'Windsor County'}, {'country_code': 'US', 'country': 'United States', 'subdivision_name': 'New Hampshire', 'municipality': 'Grafton County'}, {'country_code': 'US', 'country': 'United States', 'subdivision_name': 'Vermont', 'municipality': 'Bennington County'}]",https://api.goswift.ly/real-time/moover/gtfs-rt-vehicle-positions,2,https://goswift.ly/realtime-api-key,authorization,https://www.goswift.ly/api-license
323,mdb-1491,gtfs_rt,active,2024-02-08T00:00:00Z,,,"[{'external_id': '1491', 'source': 'mdb'}]",Lake Transit Authority,,,,[],['vp'],['mdb-68'],"[{'country_code': 'US', 'country': 'United States', 'subdivision_name': 'California', 'municipality': 'Lake County'}, {'country_code': 'US', 'country': 'United States', 'subdivision_name': 'California', 'municipality': 'Napa County'}, {'country_code': 'US', 'country': 'United States', 'subdivision_name': 'California', 'municipality': 'Mendocino County'}]",https://api.goswift.ly/real-time/lake-county/gtfs-rt-vehicle-positions,2,https://goswift.ly/realtime-api-key,authorization,https://www.goswift.ly/api-license
324,mdb-1523,gtfs_rt,active,2024-02-08T00:00:00Z,,,"[{'external_id': '1523', 'source': 'mdb'}]",VINE Transit,,,,[],['vp'],['mdb-1288'],"[{'country_code': 'US', 'country': 'United States', 'subdivision_name': 'California', 'municipality': 'Napa County'}, {'country_code': 'US', 'country': 'United States', 'subdivision_name': 'California', 'municipality': 'Solano County'}, {'country_code': 'US', 'country': 'United States', 'subdivision_name': 'California', 'municipality': 'Contra Costa County'}]",https://api.goswift.ly/real-time/napa-valley/gtfs-rt-vehicle-positions,2,https://goswift.ly/realtime-api-key,authorization,https://www.goswift.ly/api-license
325,mdb-1344,gtfs_rt,active,2024-02-08T00:00:00Z,,,"[{'external_id': '1344', 'source': 'mdb'}]",Exo Les Moulins,,,,[],['vp'],['mdb-754'],"[{'country_code': 'CA', 'country': 'Canada', 'subdivision_name': 'Quebec', 'municipality': 'Bois-des-Filion'}, {'country_code': 'CA', 'country': 'Canada', 'subdivision_name': 'Quebec', 'municipality': 'Sainte-Thérèse'}, {'country_code': 'CA', 'country': 'Canada', 'subdivision_name': 'Quebec', 'municipality': 'Terrebonne'}, {'country_code': 'CA', 'country': 'Canada', 'subdivision_name': 'Quebec', 'municipality': 'Laval'}, {'country_code': 'CA', 'country': 'Canada', 'subdivision_name': 'Quebec', 'municipality': 'Mascouche'}, {'country_code': 'CA', 'country': 'Canada', 'subdivision_name': 'Quebec', 'municipality': 'Montreal'}]",https://opendata.exo.quebec/ServiceGTFSR/VehiclePosition.pb?agency=MRCLM,1,https://exo.quebec/fr/a-propos/donnees-ouvertes/FormulaireDemandeAcces,token,https://exo.quebec/fr/a-propos/donnees-ouvertes/FormulaireDemandeAcces
328,mdb-1486,gtfs_rt,active,2024-02-08T00:00:00Z,,,"[{'external_id': '1486', 'source': 'mdb'}]",Redding Area Bus Authority,,,,[],['vp'],['mdb-1972'],"[{'country_code': 'US', 'country': 'United States', 'subdivision_name': 'California', 'municipality': 'Shasta County'}, {'country_code': 'US', 'country': 'United States', 'subdivision_name': 'California', 'municipality': 'Butte County'}, {'country_code': 'US', 'country': 'United States', 'subdivision_name': 'California', 'municipality': 'Tehama County'}]",https://api.goswift.ly/real-time/redding/gtfs-rt-vehicle-positions,2,https://goswift.ly/realtime-api-key,authorization,https://www.goswift.ly/api-license
336,mdb-1759,gtfs_rt,active,2024-02-08T00:00:00Z,,,"[{'external_id': '1759', 'source': 'mdb'}]",Eastern Sierra Transit Authority,,,,[],['vp'],['mdb-25'],"[{'country_code': 'US', 'country': 'United States', 'subdivision_name': 'California', 'municipality': 'Los Angeles County'}, {'country_code': 'US', 'country': 'United States', 'subdivision_name': 'California', 'municipality': 'Kern County'}, {'country_code': 'US', 'country': 'United States', 'subdivision_name': 'California', 'municipality': 'Inyo County'}, {'country_code': 'US', 'country': 'United States', 'subdivision_name': 'California', 'municipality': 'Mono County'}, {'country_code': 'US', 'country': 'United States', 'subdivision_name': 'Nevada', 'municipality': 'Douglas County'}, {'country_code': 'US', 'country': 'United States', 'subdivision_name': 'Nevada', 'municipality': 'Washoe County'}, {'country_code': 'US', 'country': 'United States', 'subdivision_name': 'California', 'municipality': 'Madera County'}, {'country_code': 'US', 'country': 'United States', 'subdivision_name': 'Nevada', 'municipality': 'Carson City'}]",https://api.goswift.ly/real-time/esta/gtfs-rt-vehicle-positions,2,https://goswift.ly/realtime-api-key,authorization,https://www.goswift.ly/api-license
338,mdb-1375,gtfs_rt,active,2024-02-08T00:00:00Z,,,"[{'external_id': '1375', 'source': 'mdb'}]","SeaLink Pine Harbour, Waikato Regional Council, Pavlovich Transport Solutions, AT Metro",Auckland Transport Developer,,,[],['vp'],['mdb-1029'],"[{'country_code': 'NZ', 'country': 'New Zealand', 'subdivision_name': 'Auckland', 'municipality': 'Auckland'}, {'country_code': 'NZ', 'country': 'New Zealand', 'subdivision_name': 'Waikato', 'municipality': 'Hamilton City'}, {'country_code': 'NZ', 'country': 'New Zealand', 'subdivision_name': 'Waikato', 'municipality': 'Waikato District'}, {'country_code': 'NZ', 'country': 'New Zealand', 'subdivision_name': 'Waikato', 'municipality': 'Thames-Coromandel District'}]",https://api.at.govt.nz/v2/public/realtime/vehiclelocations,2,https://dev-portal.at.govt.nz/,Ocp-Apim-Subscription-Key,https://dev-portal.at.govt.nz/
